Humidity,Rainfall,Sunlight,Soil_Moisture,Pump_Status
86.17046001,1,701.3187538,58.39965101,0
67.88532625,0,873.9336216,46.20633415,0
38.23233583,0,978.0739433,78.32536065,0
68.81626202,0,831.0912339,54.06548289,0
91.78067147,0,837.0773733,36.84449348,1
70.37558428,5,655.1253396,13.24076156,0
52.88374335,0,523.6636597,18.03546798,1
77.78935496,0,333.4239316,10.42725723,1
93.02324265,1,118.4259437,13.16498697,0
35.62336471,0,63.7213857,78.42086659,0
81.48814357,0,875.2411724,69.55723734,0
67.02105194,1,592.2732207,56.29260597,0
50.32946971,1,738.211377,44.29824887,0
35.78565318,0,490.7312285,83.24036847,0
33.6740319,5,201.5925593,30.32169028,0
73.04525799,1,952.1198413,55.74518754,0
46.59952261,10,276.4346919,14.20864734,0
37.94090745,10,36.65919489,87.00081039,0
89.61691045,5,713.5866404,47.58575527,0
40.54118107,1,271.0163305,59.73783092,0
34.5542424,0,736.2883475,34.23525038,1
68.35265436,1,45.56699241,62.09916954,0
74.34160783,0,713.2460201,55.49065995,0
34.11690569,0,774.9464514,65.99549894,0
90.56621711,0,596.7201191,86.80041918,0
67.91931814,1,169.188142,28.19682949,0
78.15559588,5,145.3630068,25.52272223,0
76.03056414,1,411.3389472,59.82772065,0
62.82991014,1,609.9263436,60.11799032,0
47.27586569,10,846.7604466,13.51918865,0
81.6872144,10,37.78135293,89.25243517,0
53.20725325,5,610.3237189,43.10227157,0
84.70272164,0,335.5245529,84.20762753,0
82.10250682,10,110.6247526,70.39544377,0
41.24575379,1,331.7872937,26.17096524,0
77.1811035,0,742.6371681,43.1170416,0
64.74479142,0,913.0026939,68.15067281,0
87.40185959,0,691.8464563,83.983083,0
58.32408471,0,839.8914118,16.86045552,1
70.50481903,0,857.2308586,82.06677525,0
46.17325042,0,964.249484,41.13890789,1
43.07187979,10,128.7813873,54.86554809,0
81.94718333,0,918.3004657,22.41392638,1
51.53257262,10,728.4599861,43.61455583,0
59.28095415,0,472.462089,61.16536619,0
83.9820209,5,989.3111745,87.57607249,0
74.32129876,0,317.8709144,23.28234789,1
52.53291747,10,584.983616,82.48636328,0
50.85685797,10,55.40209419,21.53158807,0
82.8697127,0,737.5713461,88.43401489,0
34.12865133,5,170.6213218,73.92675954,0
56.53761533,0,986.8227144,17.73200003,1
39.05909713,10,288.4823796,44.35113885,0
46.75369059,0,664.5602183,71.20976151,0
60.93872582,0,53.83141867,51.97654958,0
76.11071646,10,252.8860053,89.76073105,0
61.23560679,1,693.5015754,50.90827865,0
52.88052686,0,429.7371642,47.95801671,0
86.91904928,10,270.1365361,38.52671944,0
84.67639381,0,333.3623715,88.72614553,0
74.69117832,0,851.430988,78.85063724,0
81.11536575,0,149.0025763,31.99588659,1
48.10224563,1,746.573354,47.01067693,0
37.25274981,0,280.490112,89.3005036,0
32.18951137,0,88.88174582,78.31270586,0
67.45056897,5,939.0954794,17.54529912,0
36.53837382,1,703.806767,15.33432881,0
77.03263363,5,101.1060789,67.0589843,0
77.88911161,10,163.5915949,23.24145012,0
81.83807294,0,507.6545527,81.61270783,0
80.96613232,0,567.8815449,17.81927431,1
56.54402555,0,891.4548075,74.5836752,0
45.63714212,1,711.5075111,13.93405918,0
66.64282105,0,564.8182502,55.2055462,0
62.90251205,10,174.1250232,70.2462727,0
44.69926135,1,994.7018386,59.49617846,0
39.64018808,0,76.66949068,11.33943413,1
74.8904332,0,188.2076615,29.80934892,1
39.83582785,0,339.1693509,61.42535298,0
73.45587249,0,806.1015844,24.16359319,1
76.23544431,1,886.0326865,87.60458144,0
49.91111847,0,445.7305115,48.9096981,0
53.64887479,10,269.3757659,77.64467383,0
77.80539647,0,115.9419401,36.13730599,1
89.78559126,10,503.5476212,51.22669185,0
30.89437915,0,151.0677319,50.44579884,0
91.67340984,0,478.1080162,32.80643854,1
44.20358956,0,149.7664577,46.7427013,0
88.61778741,5,853.9970556,71.93734949,0
70.2184868,5,905.0686461,19.48379938,0
71.29856218,10,585.5633459,23.17875222,0
90.31615391,1,160.4013868,13.69892633,0
71.24308994,0,800.1691668,42.25906375,0
48.42193737,5,127.6922313,11.73313162,0
60.62451022,0,318.194854,68.03498611,0
42.74154355,0,115.9450598,17.87535044,1
55.31495751,0,156.1771487,79.53225912,0
33.49828658,5,840.2251404,59.85885756,0
89.44634649,0,593.3258167,52.08308584,0
61.10513251,0,747.746949,50.51909931,0
51.15147115,1,735.1890884,12.08398136,0
92.45340222,0,231.516195,65.92597816,0
74.34668214,5,970.625883,78.43900717,0
74.77325917,1,885.1386575,66.77382067,0
82.62378063,0,876.716982,29.6335661,1
61.89288228,0,858.217872,81.06348078,0
39.32864068,1,860.6236896,65.41997308,0
34.52719986,0,818.2414527,42.40626695,1
55.75310323,1,493.6454637,47.06842344,0
82.31900572,1,868.4764294,59.38942754,0
34.57631488,10,684.0542401,45.09771366,0
49.69246293,0,673.8842453,86.43075884,0
51.07368357,0,474.8045909,88.75318221,0
55.19460948,0,148.7443585,46.22439418,0
52.61463015,1,885.2609738,50.58828392,0
73.56946684,5,80.4509966,70.01791265,0
50.28026636,0,235.8298797,63.01503083,0
31.81244985,5,320.3663679,70.45485687,0
73.4023096,10,410.7358697,78.59248213,0
73.06597719,1,485.8048185,63.08993415,0
73.14101125,0,718.9618762,12.38062575,1
55.3636807,0,26.71162982,72.66422051,0
41.22735596,0,310.2718391,68.15010576,0
90.97073814,0,797.7700618,30.30053048,1
77.61425804,0,68.64932186,71.14300627,0
78.78967185,0,322.324813,27.58707196,1
44.60714065,10,269.2592499,74.35591203,0
33.49246195,0,620.8427534,86.66341234,0
48.90265808,0,546.6699507,35.62024852,1
67.6798234,0,279.8222776,31.94694361,1
91.68675928,5,863.1015829,75.98794942,0
51.15535827,0,617.3769934,66.1124457,0
53.5948951,1,645.0211442,72.60565347,0
92.9619574,1,295.0057847,64.43135272,0
88.37763088,0,907.7343664,41.08810807,0
74.85466297,0,926.8949697,74.19830671,0
89.31780939,0,978.7065898,83.60876213,0
56.2328815,5,345.6139665,29.10918575,0
43.06571884,0,543.2316779,57.91218565,0
83.73643908,0,989.6252604,20.69798988,1
88.50663064,1,210.0914035,33.06727605,0
31.74064488,5,918.4852769,59.8982213,0
93.6319457,1,489.7367263,10.33235639,0
74.4968602,10,464.7364295,44.87965858,0
31.48041908,0,614.9275228,88.30840591,0
67.50463631,5,390.1821392,85.76559226,0
49.38266515,10,872.7125592,47.19747811,0
50.99678824,1,312.0429058,70.36799242,0
72.66452522,5,87.8869468,38.73670544,0
46.3496901,1,84.58234088,80.90616574,0
73.2119283,1,816.1142684,66.99423714,0
77.6267962,5,799.8189068,44.42786424,0
59.42517669,0,111.3425293,12.89679,1
63.01901278,1,471.655483,15.61903386,0
86.41897511,10,159.9499597,19.3522381,0
89.12832758,5,867.5157526,72.85265849,0
40.00508359,0,51.22114991,55.51023787,0
90.99184821,0,617.2560005,67.22936223,0
67.84907865,0,854.9018341,62.51408362,0
76.12705493,0,413.8296428,75.74864066,0
35.92340984,5,987.7707248,73.70094079,0
85.84543858,10,125.7768174,37.49694841,0
46.79159865,0,512.0335316,55.70707601,0
40.75621332,1,954.9898846,34.5766199,0
45.48753182,1,266.9505088,30.85225496,0
60.16081426,0,148.2949309,53.72204237,0
80.9844345,5,354.8026385,76.79991082,0
63.86020613,0,682.3296578,56.14956125,0
86.89803331,5,603.7074204,31.47070224,0
30.37700682,1,642.3443732,88.72119994,0
82.14676931,0,860.3107052,59.64949672,0
47.08831875,10,602.8279204,43.5687195,0
72.52157964,5,54.42408656,20.92169689,0
55.72980445,1,824.848501,78.01332748,0
63.86526767,1,590.3848976,86.31904663,0
46.75279441,1,190.5798594,83.50556126,0
53.65185128,5,823.4212573,40.99607798,0
93.30632309,5,632.7983726,68.66925065,0
32.42697806,0,43.43976892,20.45829015,1
75.71556625,0,181.381267,69.75407716,0
35.71590158,10,162.2740812,66.91020536,0
61.26195164,0,650.9698449,13.49456307,1
56.62760478,0,729.190648,62.78938965,0
66.2455592,1,632.3219329,15.95770867,0
59.50360891,10,799.4941518,18.87772877,0
71.95797692,1,272.2364663,32.260636,0
60.53958737,0,937.8994332,15.68414968,1
75.50012842,1,361.3270505,76.9456152,0
60.00322303,0,60.54487916,24.04434548,1
61.56220169,1,130.1047278,48.89186912,0
81.88580027,0,563.5403526,79.22564922,0
45.59463751,0,49.71337319,59.73143169,0
34.24007746,0,25.11559613,32.0496296,1
78.03614925,0,145.9868933,62.47545169,0
51.58850724,0,591.2754676,13.49765182,1
34.13488822,0,657.8658987,85.63775543,0
75.89099812,5,58.68480249,59.94854975,0
45.74875919,1,997.0405164,51.52566167,0
59.62086508,0,960.6754544,75.97239434,0
38.77979831,0,31.12498137,39.21077162,1
55.36562047,0,227.7370268,73.01338522,0
45.6819711,10,642.9322437,18.16086642,0
78.91452914,0,622.6615023,49.82097756,0
35.88895614,10,725.0850128,18.45369412,0
76.36878941,0,494.2914621,32.54175361,1
92.74078204,1,190.5634423,34.40348855,0
34.75536415,0,602.2741433,62.28266661,0
40.45696379,0,381.0972433,81.99993873,0
50.62050125,5,411.3356338,17.80476368,0
94.55674126,0,251.211329,88.61590338,0
70.98630272,10,857.8036954,41.0883319,0
91.98371116,0,216.1925683,10.80754999,1
64.49496992,10,926.2710152,86.70960229,0
57.68787648,10,359.1663337,87.2161266,0
49.47807398,10,813.9659297,65.9419496,0
59.88189866,0,388.1857374,53.90907936,0
66.41864143,10,476.4198506,25.0969391,0
58.36668872,1,429.8895581,78.61574452,0
72.19115106,10,438.7017203,26.7448385,0
45.70667563,0,736.0083255,14.01591481,1
81.17295579,10,398.0768284,80.73032397,0
82.91814953,10,415.1761533,70.53407546,0
94.52272233,10,164.4659486,35.41889264,0
47.78502432,0,564.3267489,67.88300259,0
69.06571884,0,579.4593568,46.28970683,0
38.32262026,0,880.6372353,41.02440786,1
94.03945203,1,410.916481,20.75097305,0
52.05775206,5,322.2073905,30.89607788,0
55.45798936,0,664.0959134,29.45703244,1
89.86897152,1,495.1807141,64.44054827,0
76.52648391,0,460.9434661,52.76538519,0
73.04794793,0,820.9856039,88.39856103,0
30.65346188,0,294.4724751,36.66328466,1
70.41107791,5,32.15505084,28.66822338,0
89.23857169,0,308.6717171,28.94686216,1
94.95592896,1,808.306203,74.77304181,0
49.07844956,0,139.9110632,79.52168294,0
68.01312476,5,729.2081816,15.8218888,0
45.67963004,10,476.1236643,71.27871932,0
93.71648326,1,190.4184678,58.23087769,0
81.60357378,0,535.480409,39.3045566,1
62.10468571,1,381.7830567,78.37466071,0
70.08842476,0,137.0028144,26.63236149,1
65.34467686,0,253.6564556,62.99694787,0
72.3772145,0,258.8616028,26.38578188,1
90.45548792,10,583.3197421,27.91948932,0
40.38347424,0,176.5750231,65.95697511,0
56.68913985,1,652.5115836,85.38608454,0
61.10929079,0,964.2883185,53.20593032,0
43.58850554,5,760.3846761,50.73459114,0
73.07582067,10,557.9156287,55.53908696,0
93.51050766,0,366.8504854,47.87668721,0
58.14196533,0,411.9475541,17.67841567,1
69.53127111,0,901.5237648,81.5211751,0
41.91929177,0,337.2396859,19.40275757,1
34.77980146,0,54.67199983,56.88855751,0
35.44091202,10,969.9084032,26.49905785,0
90.41444845,10,958.2315513,42.90382767,0
82.99648303,0,236.964788,20.73847586,1
54.09995801,10,613.4083744,64.30669618,0
78.07086556,0,734.9011642,24.90115554,1
57.11457714,5,89.28069144,71.63207367,0
30.74787295,5,148.438907,75.03157036,0
34.03715316,0,14.90899568,31.23879123,1
42.80901509,0,947.7117024,85.23361592,0
47.09027836,0,74.80966123,36.78907584,1
46.64279738,5,571.535343,57.26758664,0
68.85750862,5,240.4384079,68.20763247,0
41.03535535,5,234.8003099,53.84500387,0
82.5128267,0,707.4527306,35.04538249,1
78.38737123,5,578.4514018,20.27155901,0
72.97650347,1,935.2871456,63.73685156,0
53.09696287,5,970.278478,38.13921449,0
39.65122439,5,486.1141123,71.15051348,0
70.99057856,1,608.9463437,58.31230566,0
92.77680862,5,300.4235685,10.35064411,0
83.09069751,0,120.5560634,27.10283786,1
70.47807903,10,877.3608446,56.20496252,0
39.09699362,0,827.1790175,49.6343661,1
58.12277541,10,754.981979,86.92391734,0
72.88522861,5,602.1100421,75.17010546,0
78.19562504,0,526.029769,46.09731117,0
70.48257404,10,398.7094201,87.82855588,0
87.49837965,10,862.8046742,59.48302392,0
65.67118994,5,940.9672603,61.17133859,0
34.50027383,5,258.1707796,69.85265983,0
73.14314756,10,709.0976416,10.73526698,0
59.92797199,0,202.8797647,55.48780373,0
94.9220694,0,655.0032928,88.33569816,0
65.95037786,10,225.3460596,75.46582745,0
44.06718599,0,16.24233662,31.43728538,1
42.39542053,0,14.82291935,89.66768274,0
57.44758616,10,456.8150694,12.26769307,0
66.78478812,0,404.0455544,20.21123926,1
45.13318616,0,687.2702717,73.41923045,0
60.76616496,1,758.4548337,67.90667798,0
90.03028554,0,29.9981928,72.19938401,0
89.07298618,0,569.1786289,48.18778028,0
36.89983655,0,816.2229892,89.32239366,0
86.98142959,10,445.6485102,46.24405423,0
77.7313688,5,704.7644292,39.78982547,0
48.70078186,5,295.9695201,19.86439287,0
89.90629245,0,387.9618391,33.84327471,1
58.36403725,0,189.912386,74.43013108,0
94.78161557,10,828.9065599,89.32906741,0
61.90295278,0,418.6281863,29.62581921,1
87.84383519,0,74.70157636,82.78258753,0
91.24962918,0,111.7169127,60.90146854,0
64.08105764,5,231.6891061,82.01981095,0
77.98813161,10,744.2643684,55.02719459,0
86.78717652,0,720.75936,12.04236179,1
90.42502787,10,155.3828495,68.48646514,0
49.61148625,0,382.4475836,37.86054688,1
86.88583102,0,183.2254825,52.90186409,0
86.37249477,0,467.7271316,13.7758166,1
75.72073642,0,942.6175792,31.89015504,1
57.9257188,0,284.7352816,42.64439386,0
94.98740179,1,916.0121229,56.26252329,0
68.14495781,1,898.3811786,79.18263301,0
82.11300724,0,88.89721827,36.35624786,1
94.66211153,1,603.7740334,23.52063717,0
56.64506786,0,971.4091772,20.12862499,1
83.48052662,0,105.2906108,61.59424907,0
50.69311164,5,560.3419261,81.25057142,0
50.77897125,0,976.5495242,86.70118242,0
34.92191591,0,861.736868,89.77148178,0
74.25507997,10,320.4210021,49.12003229,0
57.89911072,0,652.2974945,42.54906506,0
81.39211633,0,977.2722215,49.0907781,0
67.98050386,0,332.8605637,49.04423312,0
68.08448473,10,739.7555764,78.87295393,0
32.11661844,0,748.4791649,17.17388231,1
39.59988377,0,364.2528382,83.95081945,0
47.56658972,0,619.1813999,66.74607692,0
51.20310208,0,378.3346512,60.4722165,0
57.23274236,10,443.5363918,84.17067865,0
54.37668701,0,710.3978538,82.89298584,0
92.7472198,0,762.5778766,35.89185371,1
61.09483561,0,127.1060757,16.36286121,1
33.52934793,10,151.5057279,63.58238047,0
86.05832034,1,622.8652746,55.72043073,0
83.64959504,10,527.2589463,42.52318896,0
47.10132726,0,696.9718764,50.31064606,0
47.06382661,0,877.8590208,81.18489393,0
70.51189743,0,705.8495109,11.77904127,1
52.77701406,5,57.39102773,44.49607052,0
39.23732006,0,305.1005344,60.4657622,0
45.6692116,1,927.6983404,30.6128033,0
38.90558568,0,739.2721953,24.53381884,1
70.49467942,5,89.90095509,61.49416369,0
90.4129567,1,692.7764297,40.96853949,0
49.74891537,0,907.8269048,14.00326988,1
55.7140533,0,659.1128143,14.83437988,1
31.32002165,0,535.4862806,26.00515513,1
80.14386942,0,915.850325,64.97731414,0
90.57067027,10,931.4130468,10.1253126,0
80.06735221,10,674.8450886,57.87348474,0
87.24230206,0,710.2098097,44.28899057,0
35.04551822,0,110.7680584,58.27364375,0
58.51547496,1,538.9733649,22.50871741,0
39.39144986,10,257.0007596,59.25435259,0
59.42436997,5,409.8698851,31.94431809,0
81.40164452,1,52.32002159,70.10178567,0
93.46377605,0,472.6774021,65.09254819,0
87.30527163,0,46.59741422,24.29004593,1
53.68578537,1,658.3050624,27.07227479,0
56.91893265,1,267.9648077,42.34379615,0
42.80569533,1,916.6359888,32.68286535,0
77.60655143,0,462.8915121,24.37543747,1
64.14106896,0,518.6839193,28.61163807,1
31.68713711,0,911.9094292,21.22837728,1
82.07511217,0,384.9236094,24.2359905,1
58.98121849,0,458.1579925,84.06499328,0
51.59975121,0,143.761912,56.22236642,0
47.45730035,0,634.1015894,17.61396005,1
42.290436,10,253.8604052,28.16169494,0
64.24913003,5,104.4194852,14.20956323,0
31.09813517,10,295.7478239,41.58488864,0
45.21414123,0,666.3959585,14.09497651,1
46.9039713,10,900.3742669,71.88485067,0
60.02417072,0,451.1499216,47.73611992,0
48.20819738,5,985.9053088,89.53556314,0
30.07757241,0,258.7514108,72.51586467,0
93.77977622,0,610.9868495,74.4085308,0
92.26955406,0,245.0147443,81.7678413,0
86.35112152,1,713.5541969,70.53050958,0
39.72756643,1,77.71958909,29.45703243,0
35.17636357,1,856.3895202,12.57182643,0
40.33866434,1,387.4887722,11.4137473,0
34.6697283,0,589.7245465,39.04984916,1
84.7723156,10,495.5715849,86.26409407,0
81.44755388,10,520.369475,29.92814257,0
38.79051886,5,143.5659212,73.89616563,0
44.17839202,1,685.3147834,25.76023749,0
38.5906344,1,527.0463914,23.16788823,0
58.48274755,5,345.2942399,13.29033691,0
74.60258498,0,611.8988884,34.34499316,1
69.4885615,0,631.6564486,17.73529313,1
41.03322428,0,172.0579499,22.67220213,1
58.7761002,10,122.2760477,58.94343676,0
39.17796518,1,357.0209904,67.12081437,0
91.26012098,5,933.2339925,37.83334172,0
46.53136186,10,476.8126005,11.35268413,0
77.73939049,10,563.5263716,75.86809531,0
80.71352147,10,117.4465686,13.2330881,0
54.5555069,0,925.3410918,56.50106645,0
86.97857768,0,733.7210861,69.91294899,0
62.98427926,1,125.4623801,40.19398849,0
77.37173879,1,22.3188458,55.6023125,0
83.71928397,5,923.6485141,11.57649642,0
77.21802997,10,429.5484663,64.40066137,0
65.34380097,0,229.3877225,81.40432937,0
38.79959511,5,784.3928176,47.64514912,0
48.94688346,10,367.8630096,44.30477154,0
63.95258202,1,522.7467256,20.1530042,0
80.3034355,0,229.3640545,51.84135036,0
84.42925982,10,694.5146385,72.8551202,0
54.60705729,10,339.4852596,62.02309182,0
82.78566163,10,885.0630965,10.08084093,0
76.4630069,1,837.2466899,71.22604634,0
81.21918366,0,123.0871383,45.53616983,0
83.70727201,10,760.3668479,54.0877452,0
67.82231297,0,768.2712758,72.29803412,0
43.27469721,0,832.3365599,23.23553184,1
35.69543892,10,631.4954992,25.32336311,0
36.19038002,1,576.967969,65.44546437,0
36.26215415,0,271.9043223,71.45792759,0
38.61918906,1,193.8077554,11.90446859,0
94.91579788,1,868.3468501,54.32560057,0
75.45019692,1,564.5828694,88.66240688,0
85.54971412,0,800.7147873,60.99617751,0
60.55101064,0,605.4120663,26.42631353,1
82.07572893,1,99.78916741,14.38181689,0
64.58919794,1,481.3019327,16.99562841,0
78.39593933,0,589.2953095,13.8389031,1
76.47152216,0,688.4645532,26.87539657,1
44.94331431,10,635.8458035,51.18658519,0
74.77819794,10,435.6692246,75.05026765,0
87.27498598,0,920.3642932,65.73271651,0
89.20253477,0,606.1262475,52.0845859,0
70.83183376,0,648.2744228,89.98711654,0
36.88391512,1,133.645751,45.53528761,0
32.82395063,0,815.8840496,54.55066507,1
59.66474723,0,756.1234704,37.15568671,1
57.03390631,1,459.488531,39.4026031,0
71.29526192,10,379.492139,15.94740791,0
52.0243857,1,351.7374184,81.9242449,0
36.29739991,5,459.8643959,74.11699935,0
92.8206995,10,973.8675565,73.51469952,0
57.22109289,0,272.2518821,65.56662185,0
75.61963305,5,867.6572434,17.89886383,0
79.66709774,0,12.51773601,39.23435602,1
46.60722863,0,728.7722214,12.44511502,1
88.37576016,0,778.757791,68.437476,0
43.37548522,0,291.7707466,32.25471412,1
36.71001681,0,495.8178445,63.01496636,0
61.54747843,1,66.17619304,42.81763148,0
51.51545399,0,365.5924766,35.02561002,1
51.38674594,5,606.5354409,89.53926257,0
71.99632449,10,298.7074992,58.04101003,0
79.07683151,0,406.4019181,16.059285,1
67.06425478,0,117.7346456,56.59129123,0
71.62894733,0,788.8280043,17.35040383,1
46.92295222,0,292.161206,43.18012041,0
84.92673268,0,932.7821701,67.88985363,0
49.81083697,5,457.0424371,63.38340976,0
84.98010766,1,621.7361106,82.5510225,0
32.7793082,10,606.8406931,70.10905712,0
90.58856734,1,315.9155244,37.78628871,0
63.77462948,0,361.6743307,47.83418847,0
54.13988026,1,540.608484,34.60448384,0
39.10454106,0,553.8533916,62.84344702,0
37.73486543,0,208.9526999,80.71526523,0
88.81851617,5,383.8154019,15.44713931,0
64.14604114,0,226.3541049,43.08581457,0
51.78621845,1,362.1076932,42.63195086,0
91.71245891,1,968.6054008,42.25936365,0
83.31376106,1,734.0635257,13.45106208,0
66.25488607,5,833.1534882,15.7341811,0
42.25859378,5,434.4321863,46.30853459,0
51.43733987,0,54.43982659,68.48699139,0
93.32337005,10,810.9007796,60.54029323,0
48.19891818,0,380.4408192,13.91512208,1
30.92594864,0,959.444209,29.4971627,1
48.09585912,0,47.90057567,86.6979457,0
89.29054867,0,451.6992394,84.69788882,0
64.32860092,10,112.716505,26.23250557,0
90.55934707,0,138.7139358,20.35932224,1
79.71777366,5,114.9116371,23.41296258,0
85.54286445,10,965.518252,36.07499081,0
84.03046585,1,297.2303622,65.53029106,0
55.39328664,10,356.9562121,12.50435451,0
49.19783726,5,732.0947877,15.21847247,0
94.05585697,10,497.2225889,68.41370781,0
49.88720332,10,891.3305127,12.67312959,0
94.69752499,10,439.1352547,45.61867399,0
46.98318233,1,11.98122402,75.35808924,0
40.76113214,1,504.7422207,57.31114259,0
91.56573974,0,692.6265886,29.72944994,1
57.16498748,0,603.2326452,22.26827084,1
81.66074989,1,236.3753614,32.03821514,0
47.26082586,0,974.9243196,43.97697364,1
84.16721989,5,26.12331935,10.64473809,0
86.24190009,5,61.09871199,57.10817414,0
33.37556671,0,458.8526833,47.99312982,0
76.91727493,10,710.4061865,62.54611807,0
33.19184239,0,418.142759,59.16547465,0
67.03882641,5,720.980904,19.69176335,0
41.41548355,5,408.9641746,13.30856144,0
54.00652253,1,808.8538868,77.70478531,0
31.45737343,1,188.4732857,63.10200035,0
79.00049748,0,817.447359,87.77597221,0
67.82186982,5,923.5929377,71.98550401,0
60.64023716,0,56.10742545,28.70185702,1
85.73375044,0,352.693537,11.40006562,1
72.46808445,10,487.2036268,17.52212312,0
84.81279485,0,371.065086,63.03633223,0
67.12995685,5,400.9213395,15.04544483,0
81.91091889,1,283.577946,44.2944488,0
80.32548172,1,935.4507643,38.05989737,0
32.35482455,0,879.2088422,73.94779027,0
41.86894,1,295.0770443,41.36530736,0
34.09461251,1,523.6113166,17.1090366,0
90.99272177,5,658.2234669,64.4004502,0
36.55105494,5,34.51983787,25.86641204,0
65.17073507,10,933.7793863,46.73316297,0
41.01245101,5,27.38518805,20.95681918,0
58.49434383,1,906.9478003,19.33545236,0
57.99745953,0,972.3312292,65.83223692,0
31.92416262,1,506.0380668,36.84293454,0
74.96044271,5,222.3311863,85.58449011,0
76.3047356,1,566.7799063,66.32515235,0
46.34344804,1,414.0844705,25.53444683,0
78.24249118,0,464.6549553,44.9898699,0
61.28968621,0,752.0693384,86.6531555,0
78.44531958,10,73.56191162,44.93560495,0
49.67067778,1,861.8562881,76.8053788,0
46.89293383,10,443.7073446,79.5802507,0
63.4569212,0,349.7793755,86.27583487,0
62.11211241,0,195.9785418,34.78557122,1
77.10491149,0,286.8481934,14.31703329,1
70.29247916,1,946.5104728,34.20293028,0
57.42592945,0,895.9704319,69.36102433,0
57.86500427,0,620.6539083,28.59683521,1
54.55704912,5,368.4193597,80.89347069,0
70.52723092,5,425.5273405,35.59621661,0
85.43037292,0,957.6972502,33.16970094,1
53.4953509,0,320.4851584,20.92709919,1
32.36946288,0,599.0774643,22.91171237,1
62.67155642,0,384.3622184,77.80613151,0
52.09198083,10,583.9762147,87.02542946,0
49.89407789,1,987.9635569,83.27711065,0
46.44289086,0,820.5725255,74.72153464,0
51.83109331,0,189.38536,13.37728998,1
61.73369968,0,715.6386728,57.15729749,0
54.74499202,5,977.5232597,19.82918986,0
47.78627735,0,543.6913897,25.74120656,1
65.87156069,0,346.9799247,70.68112226,0
50.09339663,0,137.5995023,58.02435428,0
90.43438689,10,675.2676992,69.37091099,0
48.42826767,1,170.4121278,77.80529893,0
68.35221047,10,867.0734352,68.89366877,0
64.19001162,0,86.10212928,78.9881724,0
61.16386055,5,454.5526227,81.68017102,0
32.14284617,0,464.7161346,51.36486966,0
35.20102803,0,370.0240809,11.59312259,1
76.50853405,0,454.3507246,65.11342543,0
65.94440639,0,555.6931181,42.55403539,0
50.176098,1,422.2271239,14.31212159,0
67.85502807,5,303.0086421,17.02868143,0
53.06865871,1,434.8106465,32.13978924,0
45.6732381,0,473.6750321,85.58559183,0
31.18178019,0,758.1216421,58.37000528,1
39.96592253,5,469.2640337,41.04451377,0
72.45879476,1,47.51118653,66.00393149,0
86.00279263,0,479.9984872,83.9266839,0
76.0326438,0,129.7138331,22.30455794,1
31.82807719,1,900.303115,22.76117826,0
67.68550127,0,121.6297108,45.11332224,0
82.61722638,0,306.5090465,29.11034586,1
36.92490934,0,773.2414432,86.55815383,0
34.07338257,0,516.5657214,69.51429385,0
39.6101203,0,512.6874353,72.35723535,0
88.21670727,10,407.7112355,68.43504262,0
60.6373391,10,676.3032365,61.8773528,0
69.4187486,1,771.9140979,45.33159988,0
90.61856205,5,155.188147,28.88716681,0
70.58483123,1,589.5239547,75.97665298,0
61.50511129,10,922.8155989,46.56123561,0
35.3640741,10,498.3485297,75.96395148,0
78.87720148,5,346.6757167,60.44576198,0
74.85882973,0,894.7635814,66.38854309,0
49.36532532,0,8.704484676,44.74067902,0
37.86660295,0,392.8672028,58.77291777,0
85.99952533,1,293.1660087,15.54947382,0
42.08480347,1,512.1858955,21.0390293,0
82.89034179,0,983.5364776,20.96804567,1
57.33870704,0,751.1088725,84.55221456,0
60.47427524,10,778.2082214,28.53135833,0
78.80758928,1,323.7025135,50.66716387,0
51.13412809,1,17.89094538,73.98123556,0
93.39109421,1,108.0533977,44.32047959,0
90.15457625,5,119.4315718,32.71019496,0
35.19081283,10,106.6068905,83.13328225,0
72.23487208,0,203.2417736,34.41876423,1
76.72969951,0,302.6266023,51.36453007,0
59.51694115,10,534.6797878,52.53942468,0
55.02363499,0,381.5192278,70.66052668,0
67.10345611,0,581.5083777,53.28865836,0
38.69412646,0,790.2118912,56.89153557,1
35.3823353,0,627.1516242,83.92079007,0
42.5809875,0,991.1713684,72.07639922,0
44.90366012,10,741.2294274,69.56170182,0
61.25019708,0,654.8184197,29.51677982,1
36.09493709,0,914.9623267,36.59014882,1
45.35211731,5,794.9082076,60.47125687,0
72.59796911,0,123.4421339,60.63491206,0
34.89758741,5,699.1637971,74.50677388,0
86.43972083,0,513.7994024,62.66786265,0
58.17398109,10,285.5828011,40.59530048,0
64.99751712,0,224.0406228,89.12562587,0
94.25934631,0,451.9543192,67.34841483,0
52.03708009,10,315.5963545,34.92425068,0
62.60518989,0,668.6959704,28.1697754,1
57.6238757,0,199.947789,19.70687775,1
56.11135275,0,338.2830266,68.25373424,0
66.72086254,0,881.7224518,50.89653799,0
39.62979704,0,527.7880229,83.60344488,0
85.83900161,10,850.40436,78.64924054,0
33.69027235,1,997.1537002,14.052323,0
32.18575456,5,7.061580841,85.68180762,0
93.23402816,10,632.5635721,75.95142382,0
51.65286562,5,107.7289204,86.23825674,0
31.30108808,5,582.0807445,16.33099757,0
65.3647503,5,578.8571252,35.76210597,0
83.14045521,0,698.464729,63.32733251,0
31.59012462,5,720.4358002,14.42859726,0
36.08374852,5,245.1934024,12.36056577,0
89.66354872,10,231.8163164,64.71704843,0
47.87165764,0,170.1039359,20.08442383,1
36.51151368,0,313.9307625,60.80953311,0
37.02918767,5,489.4603018,60.03678628,0
49.24205826,5,305.1856078,16.15752556,0
56.43668305,0,885.8138435,55.22219119,0
89.40091334,5,408.8662265,21.9449727,0
62.08004587,10,827.6184668,14.60303244,0
90.12712144,0,946.7360014,88.92609742,0
61.65413142,0,421.4222649,26.57444349,1
81.51322203,0,104.342541,46.5871666,0
73.59066696,0,612.7762356,53.77541678,0
67.77596973,10,25.0928388,52.07790393,0
70.37536614,10,83.56951282,85.36859393,0
94.39555385,0,690.6792759,29.01721425,1
74.01395751,10,440.343277,25.37463365,0
80.93071991,0,643.0454412,41.90901864,0
33.615347,1,459.8864047,15.71964886,0
34.35406087,0,725.6397669,41.84096012,1
61.150703,0,597.749648,37.902961,1
73.8070295,1,463.8865327,62.74077759,0
72.74572943,5,208.43695,22.13633205,0
88.25450389,10,405.4087753,29.26860682,0
90.67050861,5,475.2129076,80.11486883,0
74.64659723,0,576.8039608,85.67310631,0
74.01353377,1,915.4658307,73.001272,0
45.04986791,0,551.580377,77.74558676,0
79.97655246,1,83.62099045,40.95542949,0
41.25790184,1,86.2125198,41.62296442,0
81.11203646,0,151.5906991,29.20187804,1
30.14187953,0,57.01802964,81.12151713,0
59.93056761,0,873.9485439,50.89590255,0
54.56245676,1,345.8880638,41.94332642,0
40.78246502,10,885.7821433,42.94123889,0
50.83167068,0,911.0862426,28.69591146,1
46.6541389,0,321.1410542,80.39167958,0
72.2510091,10,698.8009361,14.3364428,0
78.34565198,10,353.0500717,78.8546802,0
92.19404675,0,366.1329115,53.40383933,0
84.7308014,0,920.5132291,24.22572989,1
86.62078167,1,844.7738493,55.25904848,0
84.9060959,5,849.0602226,70.53900838,0
80.85029173,1,578.0852266,14.922599,0
49.08532038,10,427.7090676,86.64448755,0
55.69587151,1,346.5526026,13.45470667,0
77.88952454,1,717.3611304,43.94545176,0
90.96767835,0,706.5170177,60.06085348,0
76.83259662,0,25.01362385,18.86303835,1
33.29194893,5,762.0746249,31.71982229,0
49.42625047,0,384.3380468,39.35838983,1
45.4462303,1,434.416286,14.92658619,0
70.37973484,0,763.9702502,28.40973647,1
32.82719643,0,132.6689167,37.49986842,1
39.6259309,10,366.4825516,60.75884343,0
52.83888524,0,105.9429616,62.96623966,0
46.1101105,5,385.2857644,79.45161325,0
80.57173472,1,66.01042062,23.99275314,0
45.32440342,0,845.7839788,27.69946495,1
64.61774192,0,703.452246,55.12899881,0
60.24773295,0,714.7424216,65.12208097,0
60.53591167,0,663.2026555,49.02897938,0
66.8131826,1,347.566386,54.30129109,0
71.8232208,0,654.6587772,52.52277812,0
63.30416467,0,953.3003136,40.06893761,0
44.4386068,10,285.4752911,33.25089796,0
72.24213594,0,618.9757544,13.36677813,1
93.20923157,5,751.7312936,40.57197743,0
87.27359293,0,210.3316688,24.79298862,1
59.90377339,10,768.0023894,64.83627414,0
49.24844526,0,912.5036786,13.36607831,1
41.42487317,10,41.5007625,41.38849882,0
54.43742189,10,722.5661604,80.45395061,0
40.73658176,10,269.4687769,45.9607949,0
45.51737263,0,716.3655442,32.29123336,1
81.65967394,0,852.9278541,34.42293432,1
79.65347163,0,21.67169818,62.40105136,0
35.7292706,0,70.07635861,46.95426369,0
81.432889,0,780.7914139,57.33807144,0
73.97524799,0,147.185674,40.36784476,0
78.32403797,0,87.26444293,24.52877505,1
73.61322796,0,883.4440284,15.44711014,1
31.3518923,0,233.589349,40.22726344,0
94.56985406,10,640.6274658,40.70088713,0
53.88309202,0,605.0701894,80.38546727,0
50.63184652,0,231.1225175,49.13663347,0
53.13717911,0,339.5353085,88.13019602,0
83.8340101,10,838.6639993,33.25964986,0
51.25848969,10,241.3535385,17.88047486,0
66.14108722,1,896.9888414,85.81708552,0
49.02205526,10,830.8824137,17.51814525,0
58.21048851,0,454.51212,18.058733,1
61.68973362,0,742.1347747,87.34378972,0
53.18699114,10,630.8757651,36.00655763,0
55.78269321,1,456.1252092,78.21391045,0
73.93799873,0,281.3899741,14.75715459,1
44.21500728,10,717.923564,67.94920769,0
55.95041343,0,971.21228,83.26591463,0
75.17812565,0,296.3739134,22.84550236,1
64.48871891,1,281.5180584,43.53680607,0
55.76248587,0,658.1699759,32.623889,1
59.81968231,5,671.2671134,20.35154298,0
34.83155832,0,228.9859406,68.60742138,0
64.14878127,0,450.2464131,53.53312826,0
55.88479864,1,470.0870009,43.24166138,0
92.27086655,0,403.1835656,21.464351,1
87.41980281,10,593.6592227,44.56701575,0
67.31643622,0,440.2036651,76.6560311,0
80.97227187,0,842.8212481,11.03248902,1
56.43505654,0,400.4102275,65.09252676,0
55.70323492,0,32.90894847,16.37954457,1
60.7694018,1,430.1111723,24.64628756,0
55.76436305,10,475.2952386,34.80209986,0
48.94270952,0,268.5774494,65.68457635,0
30.66274925,0,472.5617647,75.84384275,0
48.22883368,0,309.8637772,40.86375022,0
83.85278975,0,52.43153598,61.34385645,0
43.04214039,0,838.1763118,87.76739676,0
54.1991416,1,476.8788199,83.69665659,0
89.25672246,0,213.5281479,74.45173044,0
75.01345313,0,391.4423953,18.56635823,1
79.23705714,0,236.5191394,53.52650283,0
40.82258641,0,665.6839253,69.74169928,0
73.89978305,0,180.9601351,15.74590777,1
64.21264215,0,131.0500455,45.6766428,0
87.6182859,1,460.1229714,71.91852877,0
56.89240466,5,63.15141179,19.38750441,0
79.7879702,0,463.6879668,16.13544082,1
87.57452516,0,563.1226411,72.92178132,0
63.19868267,0,84.48970482,74.95406933,0
87.33946913,0,574.8112171,50.91426379,0
69.03759541,0,75.37312394,72.29534173,0
73.88032931,1,238.8208266,33.45805332,0
34.06348566,1,601.8143544,21.21371479,0
34.98168164,0,898.1605864,80.56354635,0
83.52725638,5,583.3109795,73.28978533,0
37.51517235,10,174.3566872,48.17748154,0
33.85903678,5,315.7340708,28.31449992,0
52.60391701,0,911.5199407,32.89200944,1
48.87203271,0,327.5001274,21.78938579,1
83.79545224,0,910.1535934,17.57813986,1
70.10963043,0,809.017774,74.2340693,0
89.07058647,0,16.37054444,19.86219135,1
40.53057368,0,820.0061125,33.49218037,1
91.46232518,1,124.8505967,20.09626807,0
66.50762013,0,78.69976701,88.93213438,0
56.79972651,0,218.1069986,71.91160569,0
74.32011963,5,737.9112729,42.05865146,0
86.88851459,1,552.7248025,36.65002367,0
80.88343685,10,906.7569204,33.37950898,0
40.86259142,0,525.3250317,84.00413478,0
44.11534287,1,426.6245685,58.58768772,0
37.8578872,5,405.2409061,21.08679213,0
59.46753471,0,847.795152,34.59346334,1
48.43665807,0,285.187029,67.60162369,0
58.79007269,10,454.9770811,56.62909744,0
64.94480504,0,357.9746707,84.19479947,0
52.82458517,10,944.7510566,20.53886326,0
80.94511406,0,957.1694004,28.27301284,1
84.82426316,0,996.721787,50.60798963,0
73.93700982,0,654.1400446,27.03774,1
86.39589423,0,303.8585364,69.36639504,0
40.20579488,0,218.899766,29.99593293,1
88.74128719,10,813.0144746,42.26292822,0
90.47691053,10,372.4331335,27.29719067,0
32.70846605,1,346.9966555,84.17133446,0
78.85726547,0,552.0761926,23.94990082,1
62.14030132,1,110.718621,75.58535066,0
70.46445795,1,889.0873369,12.10334653,0
77.78169651,0,470.8151496,26.62722705,1
33.91918243,10,28.95676817,57.25909401,0
82.01067965,10,569.0964796,70.46910019,0
30.3542807,0,395.9868405,28.51054985,1
49.63639744,1,976.6447304,22.23809125,0
91.08508463,5,175.7365443,17.28401723,0
30.29460723,0,649.3442091,34.71679438,1
56.32448681,0,692.3056282,62.67201056,0
72.23171843,0,845.9794706,23.89428386,1
86.65912779,0,424.0036749,16.55125353,1
33.081557,0,88.027536,35.58450297,1
33.31011488,0,107.2399798,42.77026248,0
74.50382289,1,544.3141361,44.80214772,0
42.47226557,0,21.81569373,68.88427783,0
48.81010131,0,305.4356143,66.67996963,0
55.25335835,10,611.6436316,54.50364438,0
87.76334355,1,335.947193,81.55094674,0
46.96286409,0,804.6436286,55.28636308,1
40.9225049,0,591.8567834,87.48995934,0
58.417126,10,484.5692942,42.25704151,0
76.88103631,0,866.4189215,43.55146996,0
90.33923336,0,566.4005841,86.11506508,0
58.22166222,5,622.1348478,56.94109294,0
64.63612369,1,864.0387294,46.4592833,0
78.15240176,0,202.7846252,44.50635893,0
73.55591339,0,832.1087557,56.69446978,0
47.72539092,0,173.1337199,82.89640159,0
50.49881729,0,421.9548688,57.48286313,0
50.53925017,5,327.2171961,45.69765093,0
43.73386075,0,927.7793811,77.1053658,0
48.08048702,0,717.3105602,42.94493164,1
53.78341361,0,360.5647785,58.0551312,0
32.43930568,0,747.9743185,30.15295758,1
79.80228424,10,405.4993692,33.12830513,0
94.56483669,0,498.9277785,84.97276674,0
62.85779024,5,757.9234866,53.06007912,0
46.17134024,0,246.4366935,63.62761293,0
46.64170523,10,888.1704522,39.00546269,0
42.94913147,0,105.6906169,70.45573179,0
68.49576595,0,851.8829276,16.80275731,1
50.03649889,10,120.625566,24.64131057,0
68.79583436,5,721.6303144,28.95872071,0
77.52663457,5,298.7948891,15.86109529,0
66.21618755,0,380.5616626,78.95404475,0
41.27608284,1,207.9381192,38.7903069,0
52.20589059,10,486.2123639,31.4998291,0
33.63265044,1,20.64519017,79.79276892,0
34.34386673,1,45.64783834,89.59158178,0
93.65477081,5,121.3656635,70.10196508,0
93.6759875,10,912.2823276,76.47051336,0
44.31311861,5,627.4013576,54.33716756,0
64.49078426,0,673.589137,75.83051159,0
45.79435604,1,481.3647921,60.00055784,0
49.81712788,0,926.5928038,42.07164976,1
74.5364707,1,43.58173338,36.76976617,0
61.3562673,5,364.4459432,79.62200952,0
37.44244537,10,0.046455927,56.84586376,0
63.18357841,1,595.4028403,53.65598942,0
55.97687795,0,210.3091272,50.45400789,0
76.61662272,0,161.135794,23.2420279,1
33.90907582,0,602.1838678,15.16893245,1
31.23926239,0,709.3269428,15.94129298,1
34.00500433,10,346.4661299,61.86422268,0
37.94405282,10,954.5077381,87.54336108,0
32.96578616,5,44.76688376,34.58762653,0
38.97512307,0,438.7319419,89.68979111,0
33.02344749,0,532.7621262,84.12648555,0
53.10823463,1,472.2478604,36.41687263,0
30.46988469,5,831.5936349,41.49606534,0
62.04301721,0,849.7175235,39.34231087,1
63.70642879,0,695.8867869,12.52407668,1
91.22128273,0,582.4177836,36.90919253,1
66.79759649,0,781.9377238,27.44761035,1
62.34859516,1,59.0636826,84.40113777,0
81.26438878,0,75.481291,41.27139219,0
87.11068538,0,207.6815634,16.53136277,1
83.52485296,0,238.6742709,84.03506652,0
43.65578891,5,795.1938574,11.20096648,0
68.44761556,0,535.2418348,45.08573424,0
88.25901734,0,214.1324699,11.02283571,1
78.80720471,5,947.0980864,56.78716318,0
41.29604619,0,221.9019328,57.85362833,0
50.93462198,0,328.8712896,85.58012751,0
92.22948583,0,36.34915205,56.43696713,0
88.85307803,0,840.6593705,78.75071533,0
76.07185327,0,525.0703741,51.64269705,0
58.30365943,10,860.2701316,30.31256119,0
35.50842974,10,110.5714079,23.27401144,0
87.88427964,10,272.4971158,38.11756655,0
30.21514656,0,815.9270426,78.7436574,0
44.67670687,0,255.3368241,14.76038463,1
75.81071659,10,652.5630785,88.74987234,0
47.64250805,0,226.4888741,39.87257409,1
69.11847347,0,538.0317397,51.70215523,0
73.30212824,0,546.6293536,42.14029251,0
30.2773024,0,607.5947419,13.08115891,1
71.21552036,0,15.48491416,22.42130128,1
66.64173568,0,392.102561,47.54021366,0
50.35872926,1,205.8980556,33.02317514,0
34.70139539,10,407.467733,38.96339451,0
79.67348511,1,327.9173767,71.01973413,0
46.78613188,5,280.2091579,81.56432122,0
82.38120738,0,16.48165243,53.6515145,0
66.27188558,0,426.3586744,64.76843947,0
52.63183898,0,772.6835489,25.81361722,1
73.55333894,5,101.2621282,58.28475318,0
65.55750515,0,880.2820221,51.07720263,0
33.8022519,0,759.6048619,42.97856207,1
80.62784784,0,574.158483,59.97041651,0
74.33253164,5,28.2718709,40.9487531,0
77.43230183,0,600.0564156,29.69941708,1
78.70040465,5,247.0164267,50.36110278,0
75.10738513,0,740.6378265,31.11275478,1
46.26929147,5,518.3394393,49.94560733,0
39.09048514,0,156.1039679,53.71111541,0
72.60567551,10,854.5682984,12.00475823,0
32.21992411,0,307.64626,87.32762355,0
40.43078987,0,592.395742,57.70291975,0
45.79256542,0,810.5675815,11.69804991,1
52.19091653,0,220.3426893,75.56883586,0
61.97082587,0,439.4093846,87.46153973,0
44.83601262,0,444.6223685,23.28992816,1
56.36233231,1,705.7392045,85.73239223,0
35.18212915,10,834.7182345,29.17214236,0
57.50645937,5,886.4269871,81.48177309,0
75.1501244,10,183.7467943,71.37822642,0
78.79737178,10,911.9633707,15.16603112,0
33.93985087,0,385.9144611,47.82452186,0
44.95750739,5,420.4183433,11.24179106,0
76.02649702,0,440.5575858,21.40365618,1
87.2641572,5,185.349717,49.02060346,0
33.25572827,10,288.6666686,76.23371792,0
65.91728743,0,854.8642092,22.98344359,1
35.0326415,0,941.0309741,48.1642633,1
76.26633772,1,187.1945482,57.16520605,0
84.50066396,5,909.9176047,71.39014863,0
33.82354916,0,713.3825953,47.54860827,1
76.42800302,10,382.2048357,70.84954445,0
84.49608958,10,665.6194508,53.30593969,0
44.18999446,10,644.1844044,41.31076177,0
81.04790884,10,6.401520923,87.55244806,0
49.94999276,0,78.68109656,15.34932418,1
66.25034623,0,644.3514969,37.7141592,1
31.61878032,0,705.2250564,87.35690156,0
63.83173735,0,23.40310744,56.03255074,0
72.58828531,0,664.4982484,22.62423796,1
34.80536187,0,930.927947,61.54254569,0
53.22717518,0,743.4314257,15.23443063,1
47.76288693,0,555.2374033,26.84142526,1
41.73147819,0,155.3205877,34.28575385,1
60.20951015,1,425.0160913,52.94391768,0
40.13651727,5,611.9268139,13.88697759,0
74.2700327,5,868.2236009,80.05829073,0
55.40605089,5,826.5346496,31.57797037,0
51.79040657,0,641.8335499,25.02166612,1
37.24078872,0,893.7629013,20.03902209,1
30.29430761,5,617.8710324,32.66130867,0
34.4691396,0,551.188157,33.25486012,1
79.01516032,0,576.6201121,54.5243576,0
64.76118655,0,903.4865379,45.18233062,0
33.75461953,10,481.9222557,28.96601776,0
70.37585061,5,413.6998411,55.40303018,0
38.0818835,0,238.9069827,60.16689544,0
84.75492683,5,471.4871363,48.14464537,0
68.97652052,0,338.9357108,79.0348908,0
82.11952019,10,20.56892127,38.23094481,0
35.14818197,0,129.1660164,30.48905832,1
59.78820607,0,488.9218645,72.39778228,0
32.88971309,0,414.6651971,24.50226755,1
50.82889272,5,340.8371916,75.51481977,0
37.82567456,5,909.2561897,54.53492148,0
94.24331614,0,865.4183274,89.53633722,0
57.40355502,1,57.78132933,71.63960347,0
30.9266904,0,844.443034,26.37250697,1
51.95444337,1,671.1335779,38.30793831,0
55.0130392,0,95.20526508,64.59395312,0
86.59328591,0,703.077188,23.69240601,1
73.53005077,10,787.1395445,88.45745947,0
60.4657366,0,667.0896424,85.27007634,0
91.33494486,0,211.2676331,61.91189226,0
87.42230843,5,21.22727636,84.7731978,0
60.76469063,0,499.0459866,62.25683758,0
88.77202755,5,697.4452119,70.97184172,0
94.10077476,0,32.7839254,51.38361477,0
64.35723233,0,785.2004501,27.01937043,1
55.33142897,1,518.3762369,34.44501807,0
58.81485323,0,860.2397769,87.83922358,0
43.86853329,1,822.3064255,22.50074176,0
78.03971649,0,0.181645985,51.83312071,0
37.18942422,0,564.2360408,47.97414472,0
90.85266167,0,109.6157009,86.0134465,0
82.80733316,10,46.48549474,16.89299106,0
58.01274798,0,628.355991,72.96826984,0
76.01993776,5,183.820364,43.93732565,0
89.00637366,0,663.868358,82.04987839,0
46.8969077,10,537.368923,35.08188271,0
64.33640464,0,820.992977,39.53688923,1
58.71811607,0,372.9797781,23.20817084,1
90.63428573,5,744.4556024,67.93205843,0
30.06252521,0,123.9232871,33.91936958,1
46.39157272,0,884.9287714,42.04994989,1
37.58731853,0,393.8849473,25.03392726,1
35.63706665,0,774.2870846,11.72017521,1
60.26509235,0,607.2007027,65.07688856,0
69.85098944,10,100.3795195,88.08938737,0
80.69087381,5,85.74722281,57.10670044,0
87.2305155,5,689.2153529,66.9402173,0
30.85002051,0,882.171068,44.25825039,1
92.20684548,10,990.5805827,16.26239733,0
47.81690104,0,340.6596846,58.04097119,0
74.02692755,0,192.4335702,42.85532515,0
91.65043059,0,136.4183764,37.67410527,1
34.97951341,0,370.6958054,66.53233628,0
62.84504147,1,414.4771047,79.4668547,0
38.08061402,0,873.8884657,55.15999263,1
39.3204202,0,796.8484616,32.91107374,1
49.96890468,10,42.31075637,63.22258702,0
86.91622485,0,175.8608036,43.17342094,0
93.90548448,0,117.4357188,52.43820743,0
83.26957751,5,983.3250973,63.58729753,0
78.76580809,0,788.8834451,48.83406441,0
80.58937503,0,260.7432804,74.64634585,0
64.74891867,0,553.6938871,62.41423519,0
39.8240868,5,645.7004759,58.91865652,0
32.36565998,0,354.1736581,58.80659627,0
76.86205835,0,8.753906612,50.39012055,0
79.86697444,1,682.1720448,28.65215831,0
78.85227135,1,657.3897065,64.22812152,0
50.55578974,1,407.4966136,81.8714441,0
39.39955285,0,88.16397221,40.81370857,0
84.34173167,0,395.3984259,49.34321679,0
73.04332499,0,21.16817005,46.95174762,0
46.9635021,1,549.7192035,54.55215309,0
44.21807511,5,291.4283813,19.02925117,0
58.98801298,10,414.6930555,44.51394984,0
61.90863942,0,43.24825859,74.81433614,0
68.01679612,0,496.1721586,25.73145485,1
90.89044031,0,247.2963752,35.14766772,1
73.89022568,5,846.0492962,29.77140329,0
51.07040403,0,815.3771799,25.0991911,1
30.29328226,5,269.2029183,43.51313056,0
50.94475439,0,511.2045266,41.14772234,0
57.69200497,0,199.5667877,77.34666296,0
62.48270595,0,67.76826617,57.22357572,0
71.14388632,0,368.9842148,12.39591338,1
62.0144012,0,81.61027945,81.48687377,0
37.19733927,0,836.1122125,47.83158274,1
57.27983297,10,980.2210333,80.60320101,0
63.34314837,0,88.98437163,35.59483771,1
55.9510737,0,777.2486939,83.44195391,0
80.62412484,0,337.4055937,65.84711766,0
67.62862622,0,341.2063949,21.36441691,1
37.58011569,0,552.0306816,39.65342376,1
41.80689131,5,459.4133289,32.66749267,0
38.72103433,0,270.2006341,76.94576184,0
44.82448448,10,892.1269585,83.40800281,0
32.57843961,0,673.6974198,80.99720479,0
61.70550796,5,380.1270328,11.0424742,0
90.39051719,10,76.85261415,78.90172665,0
36.859644,1,206.5270042,43.5022283,0
42.95050248,1,521.8790515,39.12021581,0
70.03287657,10,865.9467617,58.53783963,0
62.31240423,5,818.4188756,28.7311212,0
34.94000541,10,871.6356119,40.68678591,0
54.2634512,0,896.6137323,48.49754249,0
76.9740802,1,346.0341892,79.22406968,0
52.04865998,0,986.3089616,36.81210614,1
72.81538399,0,648.8153847,37.83301432,1
33.04557726,0,922.4609035,56.32794295,1
75.17121039,0,410.9815531,88.72224048,0
69.59056028,0,210.300569,57.69730911,0
81.53214726,0,681.8975441,65.67275835,0
78.32632992,0,284.5623999,22.51825338,1
47.24121958,1,236.6501789,80.13298052,0
87.87710439,0,320.7076393,34.58099511,1
88.81640439,0,687.4079696,48.0496404,0
79.93831991,5,10.53891518,57.44074982,0
69.59821694,5,675.3225303,77.6671492,0
51.0727752,0,19.22360688,84.52291805,0
61.15468226,1,468.8167652,75.54441126,0
78.79663781,0,912.1049612,34.05681721,1
54.77108111,5,83.67685709,53.67274713,0
35.77330895,0,824.9137475,19.06478394,1
34.58413799,10,418.6152945,51.99659331,0
65.94923864,0,736.0900659,57.48341519,0
32.0382543,0,933.4017458,43.91694655,1
85.51776396,10,244.101567,63.81626368,0
65.54966597,10,705.2546779,81.64615793,0
83.01109477,5,936.097036,31.83726548,0
39.54432898,0,261.1781635,66.41724959,0
72.17175672,5,616.4562268,84.1254267,0
78.51914156,0,427.6395316,75.29880928,0
61.17316434,1,975.4257525,30.79608963,0
69.14542547,10,584.44123,38.94544877,0
90.29084187,1,743.9912512,72.12586604,0
80.6333398,0,800.1842971,17.5683382,1
52.31396239,0,293.7811295,22.66575665,1
93.55749131,5,321.0156342,14.01940477,0
91.49601523,0,678.1180446,32.34349295,1
89.00340012,1,287.7956754,62.29420178,0
49.71824635,0,523.8768558,52.40231263,0
83.02421328,1,846.3809504,68.49357158,0
89.52164357,1,609.7029489,39.9604271,0
35.68021198,1,923.5515047,62.95285145,0
88.86654986,5,652.8883211,48.09848129,0
69.17608852,0,124.2624488,14.16181046,1
47.17726735,1,476.4652488,77.92810272,0
74.72184834,5,734.5649617,22.00117577,0
30.97094517,10,455.3728669,21.958388,0
73.32196159,10,88.53720411,28.9540426,0
45.65415147,0,867.7481544,79.86434196,0
34.33194496,0,937.973107,23.38077164,1
42.81850607,0,89.23926432,46.70116645,0
94.63177458,10,478.3810791,26.14170627,0
54.32068433,10,769.3813462,16.78955264,0
59.38754893,5,266.6364611,49.1434914,0
47.64409704,0,636.8018731,22.48200774,1
34.23602235,0,61.78093691,88.25777681,0
76.26865273,1,850.1350186,14.2045483,0
76.48232897,5,642.8969086,44.69820438,0
65.05897243,1,86.79082258,78.47377638,0
84.03457585,0,433.608084,30.89193164,1
80.06876318,10,53.19350591,27.79416292,0
36.86598875,0,696.2732604,77.6642327,0
94.82464842,0,750.40474,79.53259087,0
92.82866084,0,626.414257,20.40374167,1
78.60533675,5,87.60985788,17.13811719,0
79.0747422,1,710.993979,58.65112149,0
72.95939333,0,78.08175153,27.21375006,1
32.68008949,5,268.1904736,43.16097243,0
33.85449361,10,315.4246121,49.41465286,0
88.08923655,0,742.1668401,52.57562534,0
33.02684483,5,847.2206621,33.8985705,0
36.8413931,10,523.6900075,32.66634041,0
43.17793827,1,563.7436931,80.38601758,0
30.25563926,1,851.7737021,78.38239256,0
75.9269279,0,598.7477796,34.80952083,1
53.21375059,0,404.4827229,64.42940675,0
94.2594351,0,327.0257851,88.87347843,0
35.24711477,0,922.3737966,12.33589462,1
93.7874604,0,138.2096205,26.81338657,1
47.77791219,10,960.9545716,15.65882496,0
58.92468607,1,417.5287803,56.19387982,0
76.03382429,5,367.9782881,58.18926857,0
52.56311865,0,654.1305363,84.13466649,0
68.20048669,0,789.4071204,29.36527443,1
63.27245992,0,841.0613571,36.14315567,1
69.2917315,1,265.0423771,12.57568756,0
81.1540827,10,406.9364206,72.90579341,0
72.63397697,1,901.2499569,58.20869566,0
30.95109978,5,954.0589278,16.74263898,0
88.74979179,0,672.838106,41.79658212,0
69.03028298,1,726.7413785,67.4085669,0
50.75082662,1,598.7388939,12.94877242,0
72.25934738,0,597.8837015,18.85587365,1
36.04061654,0,600.7710639,85.90873956,0
94.47527593,5,657.4002003,38.9114115,0
41.59539944,5,21.15121755,53.39290493,0
30.21851673,5,835.4744823,22.07867932,0
59.0888309,5,795.3974994,49.53570714,0
65.75096827,1,435.8823081,73.2311019,0
41.98800006,10,166.2598072,13.19854387,0
83.00977373,0,965.7693027,58.97488438,0
66.21377693,0,367.3482582,38.61309538,1
88.69410239,10,649.809712,33.20444464,0
86.62142708,0,253.5416318,38.90278213,1
41.96839664,10,304.435326,68.06658263,0
56.59724185,5,970.0823731,83.76040169,0
49.70514101,0,456.3775849,73.5806127,0
52.76037959,0,403.0631043,75.14628459,0
94.97695906,0,10.45070469,30.10087358,1
55.66810382,1,342.4986922,35.69857913,0
88.1791211,0,44.33249382,80.51908085,0
77.34184332,10,990.2075151,75.04436948,0
71.03815113,0,23.75674134,34.93662887,1
50.16195602,1,804.434247,49.31524285,0
90.3424837,0,726.4200085,27.57875834,1
31.99989702,0,987.558136,32.39674986,1
70.38347603,5,296.1688704,61.83659172,0
50.65034848,0,837.4257732,26.01405708,1
69.95538819,10,898.9129285,50.98697646,0
86.84393201,0,220.4466373,66.48034775,0
40.78618878,0,597.6503296,54.18205849,0
68.38047035,5,27.98594816,18.66877648,0
83.09249208,0,799.152994,64.19111268,0
48.68178264,10,624.6880859,62.98972617,0
81.99625263,10,346.2855296,66.54583829,0
80.14867609,0,502.791225,80.19763281,0
49.45641568,0,717.9434663,26.43307507,1
45.53316213,0,864.2382484,51.91397334,1
83.39355473,1,19.24839491,43.54547938,0
75.8587196,0,667.209907,47.922489,0
83.38234128,0,919.9720946,12.82693285,1
48.79212198,0,109.3917332,51.72482322,0
68.16366159,1,509.9060191,79.38787749,0
92.12705765,5,598.5485187,62.32129691,0
80.36293299,0,237.2879619,15.95663012,1
38.89043083,1,627.2361883,84.46702214,0
51.39439762,1,429.9153034,23.96729861,0
85.3185481,1,529.1956534,81.53662307,0
49.99732305,1,851.8837444,33.59595775,0
57.36203972,0,92.01060701,45.24646201,0
85.92145083,0,977.0261556,84.14934898,0
30.72815018,0,638.5664634,89.91580177,0
93.69682945,5,556.652759,53.41787846,0
59.88547325,0,639.9199917,32.954444,1
55.32574011,5,599.5369336,57.19332475,0
76.97774092,1,565.3441571,52.24756799,0
92.05165957,1,934.4385503,51.02667914,0
54.67124659,1,14.69972547,67.85824508,0
91.32672194,0,60.89886234,76.78476897,0
58.17566001,0,600.2612877,33.26901231,1
73.19687833,5,629.8347721,23.8084931,0
76.96871196,1,199.7664929,35.72504146,0
58.26763513,1,0.646701001,87.4648226,0
31.85938301,5,295.6577789,75.09280229,0
45.03253073,1,688.8412486,42.20966206,0
94.91188538,10,307.0355246,23.59795191,0
32.81822701,1,70.75732048,83.67975318,0
56.74501021,10,720.2600711,87.57585211,0
69.16360022,0,22.57427568,85.4943646,0
69.9171868,0,495.7677696,60.10315179,0
56.78508742,1,642.4095886,45.8971535,0
61.06424389,0,856.7398842,47.78693978,0
78.88302911,0,84.18713013,67.55941661,0
43.20775774,0,670.5273225,68.43811481,0
73.8474635,10,214.5173045,72.48443884,0
36.65683584,1,943.407504,50.1670662,0
74.03071823,0,659.4265595,46.17654432,0
79.11106551,1,848.6581383,67.29102763,0
69.49496067,1,430.0304563,88.20581082,0
44.66562835,0,532.1448151,72.85444705,0
42.66913342,0,346.7145942,15.45925904,1
38.76580565,5,599.6583832,41.64841582,0
43.48236221,0,771.1280003,75.9705784,0
88.00884972,10,836.6357111,44.52919316,0
83.27344102,10,410.3962603,11.74724009,0
69.83236714,0,170.6879541,43.32888338,0
39.81225624,5,594.6126235,36.79034141,0
48.39284893,0,148.4557146,15.88087459,1
66.2773621,10,704.2669749,58.16581204,0
54.33148237,10,665.7857573,16.80101538,0
74.32372214,1,817.8751935,59.84657433,0
65.55072348,10,189.6881393,46.78579665,0
83.11467421,0,355.2181402,83.00051171,0
61.97702203,0,641.9428431,58.28436177,0
52.86368238,10,56.43914624,20.58761195,0
36.37951018,0,536.3091708,64.0654195,0
86.39820984,0,297.7067568,75.06773542,0
72.02802551,5,881.3394303,72.15030866,0
48.25300311,1,836.7484877,13.1670396,0
44.17269027,10,180.7559864,59.40015823,0
76.0711671,0,958.153488,38.72359375,1
38.97367619,0,835.8237767,22.10917752,1
39.40911931,5,983.8065212,28.02519811,0
41.23569406,5,822.3394862,73.9393109,0
52.34482003,10,43.23985979,30.3259079,0
32.04262198,0,283.3476031,89.92275687,0
60.43533019,0,416.3028901,87.05381863,0
86.53142444,0,480.86615,53.01752838,0
45.397444,1,292.6985947,59.25059698,0
67.90104534,0,619.5835364,75.01065103,0
73.88458349,0,831.8478611,81.33239536,0
86.20309966,5,642.8873075,56.55878518,0
57.60584911,10,487.5610622,80.83814003,0
66.88242809,0,630.3818851,16.60852835,1
34.97454064,0,251.3275248,76.35552977,0
54.67267968,10,584.7296692,30.79761018,0
82.05794458,0,447.0962087,86.98080803,0
39.71171218,0,921.1401759,19.96386628,1
72.57847837,0,458.2253371,49.02585041,0
75.58277896,5,397.5320979,84.39575712,0
57.20814228,5,212.2848845,19.53576618,0
91.74367684,5,150.3470284,13.83140874,0
63.13267837,5,331.6228135,15.68604145,0
69.37433264,10,403.8924649,26.32002309,0
80.76227443,0,932.3351259,18.29057015,1
35.33089634,1,581.0002682,18.56693551,0
82.02970985,0,307.8900076,39.04156091,1
30.58685584,1,171.7966514,59.00405739,0
52.4287047,5,986.3242673,69.80172624,0
57.8710864,5,754.6063025,59.3097779,0
94.40502413,0,1.429850297,18.06389329,1
68.40501847,1,562.396542,34.37271407,0
51.96743825,10,831.4262578,33.73963214,0
87.42734911,5,628.0128225,32.71853151,0
87.39166384,10,467.0395764,25.58631985,0
37.58659566,0,20.76473672,82.56131275,0
93.41779783,10,749.7401187,52.63004971,0
47.26872413,5,407.0265064,28.32403266,0
33.81316246,1,117.6438625,26.8307833,0
61.47706934,1,318.4717701,85.4740446,0
57.99856413,0,964.3610243,38.49081826,1
85.37183211,1,119.797157,48.90524333,0
58.38799456,0,948.0022925,68.23593416,0
80.75118713,0,242.1268458,69.46246015,0
39.52555745,5,906.0400483,14.64147657,0
48.79094088,1,500.4102258,66.43215041,0
81.44213302,5,882.3935756,33.79171551,0
54.56594479,5,388.1368301,76.39206263,0
42.44187879,0,372.7194303,70.94009396,0
75.54703698,10,330.974196,77.04375955,0
62.25061049,1,148.9482002,53.53596665,0
58.00393311,0,489.6586215,17.44965205,1
66.82108289,5,572.9539391,17.43696864,0
85.81740793,0,969.0815558,62.60036661,0
35.67860396,5,607.9620428,66.0182472,0
63.64156856,0,0.209008656,88.39433896,0
46.43414999,0,317.522751,67.26325484,0
78.26718023,0,910.258202,11.25193836,1
72.04276677,10,3.692901521,29.26081677,0
32.32887572,10,223.2659778,48.00408883,0
58.84019696,10,996.691999,61.88563401,0
61.36050869,10,554.4445439,52.46046136,0
49.20249279,0,384.1943888,73.76464842,0
73.20792682,5,301.5512836,53.92586742,0
87.87189529,0,917.6688967,52.47199155,0
93.58432273,0,114.4810175,11.28398109,1
36.23233658,0,184.1290117,47.61603112,0
37.79043378,0,146.6141394,54.02395456,0
79.8415026,0,880.0549201,70.52507939,0
85.23849757,0,620.8669274,86.77971803,0
54.19512922,5,56.95185758,18.0481257,0
82.58642874,5,470.3416935,57.24530834,0
87.57863064,5,578.8735597,85.34334596,0
73.11114577,0,373.8249731,47.92680824,0
47.49355467,1,16.23313886,13.91700979,0
63.80953497,0,715.1744468,86.67006296,0
89.72541331,0,899.7701454,80.93560584,0
54.84506803,0,737.4866265,21.15951503,1
50.21543079,10,101.4626122,32.05559681,0
86.53742135,1,504.8560673,38.20657153,0
85.22787991,5,504.6477341,24.14996729,0
51.15392981,0,10.1061421,72.89791239,0
64.80939567,0,490.5513859,66.20104847,0
54.45300207,10,92.02443315,67.65463757,0
35.87957683,10,241.4369425,59.49189427,0
57.51235668,0,337.8573162,68.8915793,0
49.59594854,10,327.169076,65.64991158,0
62.03943809,0,651.2163043,76.21806046,0
61.1621429,1,774.9120833,86.36387772,0
66.94746696,5,671.7478187,68.8192501,0
43.80761761,0,416.2694427,51.67029647,0
61.2928128,10,773.1956142,65.32501962,0
69.1917917,5,694.5294453,44.77225497,0
46.39890217,0,128.4927664,57.3810008,0
31.60707264,0,712.9939993,27.01351028,1
90.36784397,5,895.8425052,21.51529395,0
67.0405994,0,49.55291416,22.57238723,1
57.3504324,10,667.034522,28.9977332,0
36.88276127,1,50.64817892,25.68123732,0
81.92829241,0,809.3390366,15.10045888,1
56.12461164,1,77.29130977,10.22420126,0
59.03401107,0,399.7550135,19.93007648,1
48.29435281,0,277.1358742,56.06160007,0
38.5141967,5,992.2333009,39.87277619,0
61.2300834,0,32.23884242,44.99413577,0
89.46279333,5,430.1505809,23.23758234,0
60.05609579,0,33.85828362,51.33289331,0
80.51522224,1,729.6470331,82.76637267,0
58.60510358,1,595.9240531,28.71631726,0
72.74233993,0,22.04382846,15.07263765,1
80.08827824,10,92.69831091,40.2941927,0
68.7487288,1,248.3933784,84.87403926,0
56.50526621,0,952.7273746,61.57799378,0
67.81287715,5,309.6544144,21.12912335,0
47.06591385,0,635.8922168,22.90331645,1
31.1726682,0,798.158056,26.51454461,1
52.93608911,0,640.4641342,85.85051026,0
92.84183933,1,657.3441627,65.54296934,0
73.52071508,10,555.2830342,87.78778648,0
53.78197477,0,622.1770823,38.83361279,1
31.07376303,0,613.7822631,46.67444008,0
80.69429804,5,724.0908954,52.958977,0
41.91836226,0,628.5357319,47.29984549,0
80.51772461,0,182.2310988,61.50909905,0
70.2230181,5,230.9834261,15.85775675,0
87.52929747,0,245.873682,44.25820086,0
84.74022205,0,189.8725928,47.76593514,0
59.71373889,5,881.8743412,25.43017533,0
59.57718169,0,846.989342,64.60025851,0
80.40119659,10,973.8595626,59.01304194,0
45.62961626,0,17.81079172,69.12380779,0
38.61864005,1,792.0644832,12.71058827,0
44.68453532,1,392.5558771,42.43363805,0
54.49031264,0,366.8732136,30.3588332,1
30.35901004,5,854.1239817,71.88892721,0
92.27607604,10,821.7177269,62.513601,0
73.91488953,0,616.8912081,60.7792818,0
61.90743994,1,837.1346756,35.70885414,0
65.93631625,10,124.9196252,45.84737203,0
30.58282735,0,221.4148953,77.20873799,0
93.69678427,0,241.6641579,54.42135739,?
84.868672,0,891.2103187,18.62021368,?
49.55054491,0,501.6748609,21.54282068,?
93.60220255,10,681.3208476,34.35354521,?
37.17871516,5,487.6366677,56.20644923,?
34.31427649,5,140.1788135,50.30176189,?
83.76544748,0,251.9833671,26.88600899,?
61.56594,1,472.9244679,87.80984431,?
34.81283893,0,391.9681824,80.00600673,?
39.84901725,0,490.6310785,81.1597138,?
58.53969076,1,160.1082879,20.07275674,?
62.1920793,0,4.968356436,24.71769844,?
56.82682245,10,12.3271886,68.82094027,?
83.20048952,0,787.7969946,66.04018686,?
31.38347925,0,733.9417906,89.01792169,?
91.28994641,10,235.1686835,13.80042497,?
41.1819918,0,366.0019156,19.88892558,?
94.03763676,0,455.096927,82.30887822,?
68.00336229,0,815.0622321,62.78630089,?
62.15708943,0,401.1567301,86.53820933,?
93.87534215,0,750.0186656,42.5577398,?
64.56716842,0,747.8886681,41.9238679,?
81.88698986,1,725.551417,21.3142543,?
37.7207852,1,894.3074068,37.96537853,?
65.02660715,1,860.1653571,21.64292925,?
40.33430506,0,790.7574794,53.28520674,?
76.48586775,5,780.1233299,74.7321575,?
38.70693405,10,334.2217318,28.09314794,?
35.54028065,0,133.149477,17.24685889,?
31.96703786,5,874.8559551,69.96354245,?
58.98088237,1,256.5604363,32.5739524,?
86.71144622,0,789.2387332,69.54706741,?
34.4211676,1,664.1346207,34.65391645,?
63.06169334,0,253.1283399,73.41864957,?
88.3367378,5,649.4720703,25.8030633,?
92.73976004,10,77.41457829,45.20159874,?
68.75823572,10,444.7794684,68.19730659,?
89.4262461,10,510.0287422,64.79938348,?
74.88362175,1,96.87897929,18.73512087,?
79.21782937,10,562.9539453,45.9048617,?
88.00438782,10,567.2069478,88.3699333,?
62.54942256,0,816.0842907,77.3923748,?
73.59111737,1,276.8850306,77.72815198,?
42.43157223,0,994.5599241,10.01647653,?
71.09983039,0,671.6312909,42.972856,?
84.15801975,0,155.9211284,82.52090536,?
90.24294136,0,974.3019663,10.1813055,?
42.50378641,10,663.210026,16.66210823,?
80.51337145,5,213.7630579,41.43303077,?
57.72393959,5,832.296289,27.98234178,?
58.62477963,5,979.1996082,85.90622318,?
59.4207393,0,475.0887809,12.10470746,?
67.66511409,0,704.509929,11.71860202,?
84.02683308,5,996.835789,29.39552621,?
65.88496731,0,473.4287212,87.55471623,?
54.43709119,0,278.7942409,63.21512752,?
62.85321876,1,663.9926978,77.2917958,?
89.13340265,0,674.8774846,35.96175907,?
41.861355,5,322.5077887,25.3415994,?
80.42052169,5,851.7558794,89.52808452,?
80.29585524,5,383.3688944,41.71399935,?
75.20679882,0,876.3100026,53.17636275,?
90.92696729,0,993.8003512,75.52590385,?
72.34633612,0,394.2156287,65.67309913,?
59.43512722,0,305.3897278,40.05396402,?
82.33885373,5,721.1216903,60.57292812,?
74.83828207,0,729.184369,35.14556959,?
44.86896342,5,510.3718708,12.03196203,?
88.80555723,0,630.2491588,88.86834466,?
89.22850093,0,305.3824907,57.32230039,?
41.16776895,0,955.8024405,49.76241619,?
70.86870769,10,362.8145474,30.37452896,?
84.67661936,0,902.3699514,67.40011585,?
70.54761887,0,905.8488769,78.87790991,?
68.68515041,1,530.3190149,16.72070734,?
45.99502522,0,761.3927476,38.99188045,?
90.16754415,0,725.2698956,12.36020561,?
68.52364616,1,924.9167762,30.87434509,?
70.76226335,0,235.2701982,62.27984518,?
76.51757604,5,407.7957025,79.08136202,?
42.19705255,0,939.4061614,58.05968247,?
32.29651539,5,72.82022033,44.01205944,?
62.32389015,0,178.1710776,16.44546375,?
54.89999011,5,795.346075,41.47167479,?
94.28707258,0,518.0615809,43.54418975,?
53.23530441,5,636.0818995,85.47068774,?
78.40579134,5,543.4716231,50.92745517,?
34.68511069,0,435.6660594,72.40040933,?
53.99893463,0,451.5386935,48.39582945,?
55.59720988,5,101.5741775,38.63024047,?
72.77541675,10,133.3433601,55.09851617,?
67.42766374,10,601.1197961,60.54067614,?
94.40080249,10,272.996575,78.18116087,?
39.27742661,1,654.4306527,82.73360432,?
93.25390293,0,140.9038623,38.66414903,?
55.10777198,10,447.9942251,25.26928596,?
38.33110593,5,511.1098183,35.16499608,?
35.80196419,5,40.92155234,86.88864458,?
86.42363546,0,332.6903442,54.54692329,?
92.13983343,10,283.6454715,43.75487266,?
57.41603102,0,838.300806,72.13606641,?
93.2783,5,779.8478024,43.02453465,?
76.78499483,5,316.9866688,67.92654868,?
53.56138986,10,231.7991958,50.99922599,?
86.12381542,0,916.8815251,46.32132017,?
54.52806543,1,358.5708361,56.55157902,?
44.91424321,0,988.5236517,30.98464007,?
89.05311028,1,892.3112735,61.32978173,?
58.87679989,5,191.5380451,33.13370961,?
62.0086323,5,594.1610376,17.04518415,?
82.46646119,0,540.7658749,70.34736781,?
93.69204334,5,601.3157201,57.99148618,?
88.90448779,0,747.6048367,72.28623096,?
78.73598503,1,363.5060577,76.60727608,?
57.426808,0,467.1908747,64.93276868,?
46.63753927,1,217.3067023,85.2825888,?
40.35673882,0,804.5249057,50.37255018,?
40.92208955,1,56.71042377,24.53654963,?
75.67420212,1,462.9932985,57.70825062,?
69.8941924,5,73.90127661,83.65425678,?
64.61649721,0,598.1939305,45.24573179,?
79.18153289,1,369.2325807,47.4677792,?
65.15890948,0,664.7410147,57.71633446,?
43.18874121,0,399.9078993,32.82507848,?
45.99657273,0,741.2534071,47.60091661,?
63.11468742,1,730.6509486,35.37595474,?
58.81004902,10,515.6433427,86.37995151,?
60.55823871,0,752.1523919,26.83240551,?
57.29260034,0,962.3497888,31.70908405,?
68.23124209,0,471.8814935,74.14490832,?
62.88976863,10,999.6423424,38.60855875,?
72.55580692,10,422.0805317,85.23263357,?
68.57081514,0,760.9637437,36.8374218,?
50.9010657,0,710.3499452,85.98238882,?
53.42480449,5,658.3874906,21.22330065,?
70.44857271,0,814.7896826,18.25056933,?
73.67604838,5,28.33085135,33.20131795,?
65.2948733,0,772.1233227,30.35382798,?
79.65262633,0,97.32802263,50.01132004,?
51.2241605,0,882.3439854,37.73578325,?
33.51243821,0,108.7791316,10.73596068,?
78.72280443,0,491.0934116,20.11254301,?
51.40868098,0,274.8899516,66.98686755,?
48.09305576,0,807.3484291,60.27737004,?
85.78060169,0,420.4659006,58.66288634,?
70.82330601,0,106.1821541,53.64323479,?
74.9789672,5,904.0199893,29.96726216,?
79.9477381,1,300.881025,74.80603684,?
43.89637844,5,194.2493206,76.22315415,?
42.54380302,10,725.6355892,89.2692202,?
52.42519211,5,39.3345501,57.05331489,?
44.78586384,5,382.8596349,71.4778359,?
52.33662521,5,0.951397583,43.01773022,?
94.77178973,0,831.7325321,80.46545089,?
45.41631453,0,550.1248651,29.80375786,?
47.99531676,5,619.0904921,39.82633498,?
75.0329536,0,422.1175287,69.36525346,?
39.16669879,10,734.0821045,50.48610664,?
88.08611689,1,654.3412929,54.68500076,?
85.13236233,5,602.1813573,39.33649149,?
89.24429034,5,200.8249935,24.13559424,?
32.7489432,0,357.1129668,13.61071867,?
88.52300674,0,135.8299824,49.69056163,?
67.15689676,10,54.33005122,47.51643537,?
34.93795132,5,196.071806,16.37541595,?
57.72250451,1,19.49493482,38.0102595,?
42.90942733,10,309.3904309,39.30525247,?
91.92688515,0,196.4477677,73.35129703,?
70.30623329,0,661.7919795,32.73384227,?
33.72494266,0,269.8210311,67.02350175,?
81.20878084,10,58.95144787,18.23464389,?
84.17852062,1,197.9381609,69.56639636,?
37.77331442,0,256.9570627,89.83906372,?
76.18522046,0,494.5001892,47.53850161,?
57.43745947,0,742.3557413,26.37325471,?
77.53979153,0,552.6468157,43.35474817,?
90.9420839,0,280.0232607,59.91846309,?
85.2258972,10,99.08098966,69.05918702,?
59.30494539,5,393.2181857,39.60824024,?
48.91298492,5,567.4988848,47.81568997,?
66.45466542,1,776.4971153,73.74582988,?
32.64265321,1,763.3989116,66.81456458,?
80.26223315,0,522.9719232,69.85341235,?
34.70271447,0,127.4244726,26.13758792,?
84.91037692,0,765.5219345,44.45904819,?
73.16205365,5,263.8289762,60.6730693,?
74.26639671,5,325.6708202,34.92588986,?
77.15737494,0,752.6239367,71.82725182,?
69.71081047,1,873.6014044,27.02305615,?
73.87467372,0,657.7434064,18.27677161,?
71.56363345,5,602.8030678,35.17621097,?
54.74848906,0,431.0220049,27.57728338,?
49.71224358,0,770.4714002,19.49074652,?
70.89487669,0,432.3974968,41.26653316,?
47.45115675,10,297.4367154,55.34927722,?
75.05373252,0,520.3706884,70.18968477,?
39.6047271,1,653.2264545,57.94884831,?
70.1359876,0,256.7692395,30.78338024,?
51.79818488,10,798.9039326,66.1125256,?
42.64627869,0,374.6518834,39.45625176,?
73.3876099,10,609.6632816,63.07525381,?
45.2922609,0,222.7544985,38.64303453,?
65.10377049,10,682.35067,49.78442757,?
39.83504561,1,589.2191044,10.26706989,?
91.3881841,0,564.4650557,52.43836844,?
67.02749132,0,579.7864626,37.34642715,?
68.20081691,0,222.1061393,51.94169434,?
39.61010705,0,131.8327171,29.39609438,?
30.47542215,10,345.4039508,53.16942886,?
57.64538401,0,264.8471375,26.02051757,?
83.16107037,5,167.1117525,88.96232977,?
45.60402496,5,367.8827808,18.83547957,?
67.21995889,5,24.70652173,51.84461333,?
37.96367492,10,918.2231718,47.23569952,?
50.38957469,5,437.0470769,89.84052196,?
88.6693476,10,338.7381985,20.8673774,?
41.7106673,0,287.1588428,47.12076988,?
36.03750655,0,708.6414358,14.7677703,?
70.81892272,0,770.1123097,64.90850663,?
94.21439396,5,65.03340304,52.24977633,?
47.44033911,0,668.3808677,21.16156836,?
44.5727966,10,199.8433276,44.60268787,?
36.43953401,0,885.5833666,71.92180994,?
84.17050633,10,639.1294005,17.17435786,?
69.46220141,10,350.6144825,37.07565782,?
33.30237303,1,645.3110979,25.07003843,?
63.33629805,0,951.1167591,60.7286807,?
89.56733965,10,258.1777434,47.00439677,?
53.69286512,1,849.3954831,84.300295,?
72.38463171,0,861.7783655,15.19493398,?
68.75193063,10,331.1305667,61.73457783,?
48.26714889,0,600.3558283,17.9827888,?
61.95416856,5,243.6656781,65.73694487,?
36.83754959,10,797.8524771,61.36539165,?
74.25295769,1,972.3327272,75.1485026,?
55.44327638,10,744.3765018,14.02987163,?
54.0293097,5,365.7069901,29.78046124,?
34.72054378,0,816.0328637,31.30426811,?
70.01841849,10,508.2956582,66.12226198,?
62.38547392,0,540.4239727,76.94320216,?
32.062618,0,956.2852723,70.50770385,?
71.62990749,5,645.4432799,68.10988581,?
52.67259623,0,906.5375359,76.83369641,?
92.93573873,0,987.1963275,73.09920533,?
51.69717471,0,899.3859671,79.31254527,?
62.26564201,0,871.1501445,68.8927306,?
60.66731246,0,263.2330257,59.92768451,?
55.13098627,0,830.8300397,14.76528984,?
30.6098305,5,81.41887546,52.75700934,?
31.70579222,10,514.1219539,39.2618473,?
82.774372,10,529.9118357,23.49858201,?
60.74547227,10,438.3524504,22.77258526,?
59.83302998,5,665.5636755,60.66768367,?
30.3563133,1,604.155267,26.80444176,?
52.0646633,0,303.2068113,19.84446129,?
62.54440342,5,353.1460069,22.11928663,?
42.67240319,10,565.0988244,82.02703191,?
56.59875294,0,808.6010255,22.18029449,?
40.50456705,0,239.3071979,37.34564602,?
76.41669626,5,839.1380345,29.70248787,?
87.01673764,0,299.3138285,65.45362165,?
37.60197162,0,373.1602025,53.16605402,?
41.97027603,0,480.0361942,52.76949169,?
90.51203166,0,856.2416597,12.85478281,?
57.61621921,0,242.1310184,35.18643276,?
72.28657938,0,876.6600883,82.9956095,?
30.88089065,0,648.2000965,56.21615666,?
41.93522941,0,403.307579,36.48173726,?
63.88082373,0,150.0663311,26.68561509,?
79.56204404,5,847.5179048,40.66410439,?
70.34284243,0,594.3874915,14.38568702,?
66.50107651,5,779.5122693,86.85955582,?
35.63807032,0,69.91540568,27.4768872,?
76.26229116,1,820.1144692,39.77274845,?
81.30551194,5,969.0565982,14.80898077,?
84.71237628,0,968.8677963,61.40310452,?
55.47364225,10,244.5155762,76.90646154,?
33.12433399,1,357.7804892,25.04263271,?
89.72204683,10,831.3516183,61.59415334,?
81.43703952,0,212.8960115,75.69342479,?
46.94510101,10,775.9257184,38.46088826,?
73.03030192,0,403.8253055,31.92706947,?
37.69384449,1,346.9661324,22.57734446,?
48.66455912,0,304.5671379,32.28038335,?
70.89256615,0,241.0557934,78.4579405,?
42.10421419,1,690.5780466,23.95703129,?
68.45044566,10,161.6352006,50.92875876,?
43.02802049,0,944.7407506,76.40629914,?
60.96744582,1,692.2688567,68.33565064,?
41.94111852,0,965.1281664,52.97789607,?
79.27888829,10,404.5213679,31.91335811,?
94.75518006,5,561.0119135,63.53350009,?
92.90061668,0,389.1936106,23.67026057,?
49.49267097,0,305.4932858,73.12085368,?
39.38219992,0,619.9106309,50.86461957,?
88.49908507,0,381.0076725,62.7537574,?
94.71202388,5,613.8828468,49.94580243,?
67.39754881,0,335.4348716,19.72476803,?
92.55436819,1,505.2710723,27.8729765,?
91.53446147,0,695.0572587,52.62771804,?
39.95457479,0,402.8202807,88.85510064,?
64.87803596,1,292.7907168,74.8019492,?
74.06011301,0,112.9050562,53.8245326,?
58.92977665,0,735.7390587,79.71067606,?
70.78801962,0,220.3404131,63.85568668,?
39.6325692,5,859.7735966,86.98968832,?
84.23849329,1,278.1240492,44.51336098,?
59.43108482,0,834.8477009,61.24251031,?
66.4193937,0,648.6314518,89.30882763,?
65.51224377,1,480.583395,24.96099139,?
66.50583044,5,3.957508372,83.96068422,?
88.59710907,5,654.0190318,41.28435704,?
77.91621134,1,903.4975704,15.98510014,?
32.30963737,1,334.7499001,39.86468788,?
85.23943815,0,957.3411586,67.0423597,?
82.00726111,0,910.7183485,51.86816273,?
68.25289694,10,960.0384944,80.21803911,?
63.22605803,1,234.6303081,12.75555284,?
74.75531646,0,773.3817629,69.40910874,?
72.29308315,5,912.4584229,33.42562789,?
93.72042718,0,749.3130335,30.57208667,?
39.98351868,5,323.8776697,85.56540865,?
80.52136998,5,850.6734775,73.84206335,?
45.32535375,0,580.1457121,88.68737061,?
88.01705652,10,528.9068426,33.46035475,?
81.79487877,0,762.8776324,80.77895889,?
52.46583857,0,371.8551329,19.68449065,?
60.40410651,1,795.5038056,73.48577467,?
60.73421232,0,152.4154423,56.43575656,?
87.36850615,0,872.4694748,83.73746024,?
80.45852568,0,323.4225067,36.81838446,?
74.62914661,0,975.400274,81.2985607,?
71.0122188,5,875.920791,13.26314409,?
87.71322129,1,535.9954517,42.91375062,?
78.11295669,0,109.4592652,43.73481008,?
52.49177306,10,544.6094294,81.66645596,?
32.06741172,0,147.8884156,58.88414993,?
65.13599448,1,326.5363462,26.26506705,?
84.58589377,10,939.5935528,51.53992823,?
70.10494685,1,194.8118404,64.21101172,?
76.68550537,10,779.2543502,72.56287239,?
41.81218579,0,769.723675,65.44147863,?
37.26149858,0,394.5197006,49.97768576,?
61.09612381,0,388.719936,44.72845924,?
43.55760643,0,994.7940436,82.46780202,?
89.99348177,0,286.3265996,23.11677695,?
79.40386022,0,76.39647302,15.84135147,?
67.79101817,0,567.1487956,46.51306165,?
71.28858892,10,435.4824165,75.59260112,?
83.13758828,0,74.44062502,69.02488735,?
79.73840922,0,871.8864803,89.24588994,?
64.1194592,10,141.5757981,19.75295074,?
94.50220815,0,754.867106,41.72459799,?
39.70800813,1,966.0145397,38.26810465,?
34.96572521,5,463.617598,49.36191478,?
51.44221809,0,113.1650326,30.38789806,?
88.24884364,0,364.3907099,30.43016135,?
58.23832657,0,654.1695268,51.56619231,?
83.2565089,0,203.9030151,69.58683007,?
56.40883315,5,916.7909242,37.34529924,?
73.04287756,0,1.116243458,20.41562171,?
63.58200244,5,845.7244376,45.41463707,?
38.47566496,5,169.018772,67.12721853,?
62.8871882,10,449.9743218,15.75747751,?
43.52257547,0,267.7417544,51.58039253,?
52.95755951,0,357.2203246,69.72420805,?
45.84245094,0,372.6406111,44.95475775,?
85.09939271,0,985.2630559,36.12954037,?
38.16747427,10,869.7485442,72.27252527,?
67.24212251,1,290.5535697,64.16131098,?
52.72586026,0,68.76946909,11.19579934,?
39.21326139,1,350.1879797,44.76021144,?
72.99414963,0,371.5407056,43.22188707,?
59.92705429,5,615.9565953,88.91040469,?
79.13440259,1,794.4683129,62.36500952,?
84.75891465,1,612.245968,16.26111575,?
85.99411583,5,346.3604276,17.8807117,?
38.11666028,5,67.94122532,39.53280248,?
53.0603887,0,364.4395387,82.8397083,?
66.4978461,0,113.3040442,72.04358351,?
74.28295662,1,293.6238265,31.1462569,?
47.73430781,1,681.53894,16.22947196,?
33.6410456,10,815.2538434,68.9612727,?
31.28288836,0,390.7640255,29.39465071,?
35.10418827,1,389.0571494,21.64858528,?
42.24997581,0,78.15248732,40.0639768,?
60.40770044,0,453.0297166,79.46571598,?
70.78241424,10,620.6607925,54.98546167,?
51.10327183,0,843.0406404,87.13183687,?
64.7307001,0,253.3055118,72.38327356,?
41.39559938,10,981.7778439,86.69112904,?
76.70367255,0,324.167992,44.61200245,?
67.68529512,0,249.2717306,81.58391046,?
47.30265686,0,341.9444051,54.7454087,?
78.12804679,5,955.2163602,68.32417583,?
34.94836968,0,323.628233,51.62015849,?
43.3142755,10,731.887665,63.64803223,?
47.52560225,5,348.0309099,33.97880189,?
83.83258102,10,937.9262892,60.85929594,?
90.57978788,0,408.3256389,31.55052773,?
56.09976478,1,632.5388646,20.81660288,?
61.97077204,0,174.5226488,49.52453598,?
46.9206186,0,415.9123559,11.4120057,?
62.51225542,10,603.7399731,50.09890986,?
62.64549591,5,472.3875819,56.67412783,?
67.6504569,5,996.6887064,10.04906233,?
93.15437207,0,22.79436887,65.43782901,?
75.24184134,0,121.2927682,10.18965067,?
84.59936406,0,101.0870358,43.55759235,?
85.53804384,10,665.1277538,86.72529558,?
35.40858721,0,590.7090418,51.75764412,?
41.19091713,0,59.79113788,60.14453263,?
53.59204844,1,81.76267544,33.04904351,?
71.70535228,10,87.53108442,41.50253295,?
36.78018154,0,748.2550424,78.34180695,?
34.37520091,0,734.4735136,66.45902618,?
79.02745386,0,11.74208284,20.24923472,?
37.13685056,10,306.0950941,32.0411006,?
70.93068006,10,889.2116318,44.2011627,?
72.59696564,0,380.3799921,75.99838033,?
32.33677827,0,313.4625394,70.85106943,?
69.69247918,1,210.2937718,75.56547038,?
93.12945009,0,407.2395233,61.30344673,?
77.40002719,1,672.5191275,40.59338487,?
32.8373462,10,571.9038663,60.33052465,?
67.83027767,5,648.5919247,69.29273103,?
32.96510659,10,409.3734854,52.02592919,?
90.87731032,0,985.2211044,80.46483052,?
47.05556122,1,852.3225103,88.61728752,?
83.64247784,0,905.5237346,57.9316054,?
78.07904902,0,490.6606502,39.44654404,?
92.78995405,10,473.9654386,18.66292754,?
33.23910589,10,934.7300497,74.40556812,?
56.17940245,0,491.4923277,45.81419275,?
45.41605863,1,910.6315808,66.42421204,?
33.87534624,1,911.0696893,20.2813872,?
82.95824387,5,909.8529239,41.77837265,?
73.68941943,0,339.0962525,72.48871058,?
71.13408239,5,617.0679157,21.50752934,?
67.30046058,5,152.891149,31.63054716,?
62.76004651,1,111.8296968,78.58723415,?
88.42611949,5,456.8708606,80.30452823,?
82.10202638,0,983.8227569,25.4077022,?
47.69352918,0,632.692423,65.40012705,?
45.39605374,0,709.355331,26.05700939,?
85.08784651,5,810.6219595,45.55015553,?
70.08890139,0,945.3279322,88.58786062,?
90.10523643,1,782.0044535,47.67418251,?
46.51570632,5,811.7268281,76.72537398,?
64.1611651,0,140.0353863,61.85192538,?
34.66452519,0,820.9544856,48.90572175,?
59.69250319,5,923.1966386,42.67829913,?
35.75042727,10,351.8242308,85.11971208,?
49.99585769,10,755.7572086,51.82205753,?
36.01491313,0,639.3431182,43.07032041,?
54.29458528,0,331.29854,87.27157905,?
68.19807392,10,882.9535917,67.30086539,?
88.1267967,5,357.9442369,76.58802103,?
70.00042981,10,747.1246834,29.20927268,?
30.82436233,5,649.9204721,18.96974021,?
51.84143398,0,600.9637876,59.06446114,?
59.06898243,1,372.0505454,70.95016702,?
83.76327028,1,585.9330415,81.84518453,?
53.20339279,0,634.0405725,72.56539058,?
77.96580542,0,945.421089,66.10733634,?
62.13323894,0,30.30364815,85.64737618,?
54.83283679,0,285.7616719,69.34782765,?
70.9446505,1,79.22068072,47.3469789,?
75.35093397,0,178.2543485,81.85133616,?
66.1140531,10,336.2515325,44.65417201,?
39.65685012,0,99.6596314,38.54104384,?
89.61339251,5,621.8874172,67.78186855,?
45.44814235,10,663.4347526,84.11984781,?
35.4434794,5,148.2971509,53.20418108,?
58.84885328,0,707.3533926,25.79261904,?
60.53566124,10,459.3751657,89.66835325,?
85.91530894,0,601.2256924,10.91026057,?
43.31526509,5,570.7841953,51.03633765,?
35.80472198,10,47.38991751,55.03510969,?
47.62617053,5,308.1409942,75.28708092,?
41.11508422,1,58.59229077,76.54412596,?
80.45721206,10,22.55631279,32.40810938,?
82.00260703,0,1.78723804,26.19662273,?
78.27380782,0,531.311107,47.3206896,?
71.60867704,0,653.4593923,60.11480115,?
79.96094157,0,585.1184624,15.1198137,?
86.64408658,0,747.1597932,49.49534159,?
68.84340187,10,976.3096823,70.67501558,?
82.7747109,1,172.6115421,78.29877879,?
32.52521505,0,425.6788413,72.42246413,?
61.98586553,0,279.8147247,85.45334264,?
33.09631573,0,472.2629093,62.18854498,?
67.23186983,0,990.4100727,88.1999038,?
52.46234737,1,655.6141182,11.2470343,?
54.76508582,10,995.5967618,13.59918984,?
92.26475163,5,953.5533314,10.65301837,?
70.37117945,5,7.224861723,46.25688218,?
45.556075,0,586.5452608,42.0644252,?
86.23777518,5,966.9854298,17.32097562,?
62.46673085,0,504.8804307,15.8996392,?
67.8104446,0,107.1896088,51.25734579,?
65.67006949,1,761.6883408,42.7308976,?
39.81044118,1,956.548554,19.36504169,?
70.22919147,0,60.97692258,70.55431191,?
43.55260141,5,492.0784216,68.97187932,?
31.7511498,5,618.7117522,57.76705702,?
32.33490687,10,530.3563646,47.08393823,?
39.90340309,0,89.37697429,84.15715699,?
64.81386275,5,521.1542898,10.83027606,?
73.91756981,0,530.0007936,36.87346192,?
94.92943013,0,397.4429565,14.50826988,?
37.01933467,0,184.0098088,43.60189963,?
32.78331662,5,124.9143232,32.33452186,?
59.72298523,0,943.4117136,18.27103003,?
78.50069666,0,758.2412567,85.22561276,?
90.00027478,0,40.74973779,14.60900242,?
44.32261606,10,826.6003952,89.13405216,?
64.18465876,5,220.2727596,64.64302752,?
92.80828763,1,359.4919473,20.86359248,?
51.77938479,1,680.3651998,73.89900938,?
54.17421401,1,791.5394623,64.92794134,?
53.81238552,0,105.6480228,85.25878869,?
93.58073597,0,7.146065341,55.17346072,?
50.14981812,0,458.2526721,47.24225534,?
63.9229087,0,982.7092973,13.43930585,?
92.62984866,0,315.3706574,87.38571589,?
59.94151359,0,560.2540251,70.25980225,?
53.67191984,5,210.8740178,54.70936733,?
50.96035592,0,797.8397214,42.80341368,?
59.10634032,0,13.45948209,60.78529844,?
79.67765985,1,549.934795,33.92880315,?
78.94394642,0,26.64611363,40.19637098,?
57.83507276,1,118.6756198,57.57643016,?
77.28261635,0,917.7589907,63.63590523,?
35.33415944,1,0.809619736,16.64019969,?
42.7158609,0,258.3508553,15.03779612,?
46.75978912,0,98.08145399,11.60306903,?
45.89094254,1,38.11821736,31.12789842,?
47.93876507,0,352.6010357,44.28015415,?
92.2491387,1,49.05182356,59.30668676,?
38.94800076,0,508.4872333,85.18684795,?
42.49395748,0,826.0928136,45.92327428,?
34.89903331,0,810.8411409,16.34743072,?
48.21800205,5,88.65222323,58.44572331,?
34.76485891,1,212.1094404,66.27357242,?
77.22233486,5,288.8890095,73.64952117,?
46.51945314,5,880.9873669,73.7291476,?
43.35744486,0,783.7143279,72.82808773,?
86.29479455,10,406.6485577,50.52295136,?
36.50491179,5,19.98414963,12.44352186,?
88.28080418,5,477.6980914,87.590231,?
46.46286038,10,837.1928195,87.23887352,?
56.32913573,0,575.2992252,77.959362,?
49.13078782,0,718.9262136,15.89597428,?
33.54957501,0,781.4252556,49.06601161,?
89.24123805,5,47.15289941,82.12453739,?
62.32716083,0,273.1418369,23.32622223,?
37.57285623,0,944.3386804,11.53842167,?
69.56010974,1,882.2065113,47.28267135,?
51.14897227,10,499.6303009,27.52759028,?
93.36982925,0,693.8994766,17.34974787,?
65.50459567,0,777.1017305,28.89056088,?
93.70949208,0,286.9126497,87.70250187,?
79.99791367,0,122.6725798,45.739403,?
92.04416532,0,620.5196414,12.80697749,?
93.4611992,10,970.7492204,67.94459365,?
52.18562819,10,424.6295419,77.58403312,?
64.4313416,1,835.1444678,73.74126478,?
92.49205023,1,412.5572817,31.95905911,?
31.25718753,5,959.300755,30.67442076,?
68.07876003,10,645.9930656,89.79255609,?
50.26991865,0,19.06260707,72.41214455,?
63.14317248,1,754.5356291,44.21928077,?
53.61293882,0,467.8626231,72.2042178,?
61.5878703,1,593.0166175,46.67103177,?
46.07728383,0,423.8059496,88.60316521,?
36.07026749,5,160.603187,79.05120098,?
37.91792842,0,363.3839079,65.42611978,?
65.23361727,0,183.547213,34.06978998,?
88.47137233,0,774.796653,65.87829368,?
62.78717781,1,42.97636758,34.20509839,?
86.12789144,10,972.2204087,37.36563265,?
42.56144851,1,416.1162849,36.2836488,?
90.79035756,10,569.9252981,56.42793484,?
33.65942812,0,424.292715,89.8084181,?
60.68071789,0,790.9318608,50.54201236,?
31.68266698,0,964.817335,69.96592264,?
56.74196904,10,535.3981599,63.11512285,?
81.65773796,5,842.549778,48.76102221,?
43.76365996,0,709.282246,85.45150561,?
35.16444716,0,530.8512182,37.19489723,?
50.0751712,1,96.42753158,16.23536687,?
50.16067583,0,884.8740116,87.12774767,?
48.30735291,10,907.3299907,71.125836,?
82.71889335,10,855.5858477,26.46947136,?
31.40181061,10,42.09975241,77.95380536,?
76.68795965,1,11.95156307,83.60146258,?
61.86387532,10,383.0313707,81.78366461,?
52.90186733,1,718.6943421,56.5521275,?
90.75820599,5,929.8519367,51.30794881,?
57.71921092,0,443.2368123,79.89622817,?
80.32597122,0,299.0742014,72.95864135,?
